-- --------------------------------------------------------
-- Host:                         127.0.0.1
-- Versión del servidor:         8.0.30 - MySQL Community Server - GPL
-- SO del servidor:              Win64
-- HeidiSQL Versión:             12.1.0.6537
-- --------------------------------------------------------

/*!40101 SET @OLD_CHARACTER_SET_CLIENT=@@CHARACTER_SET_CLIENT */;
/*!40101 SET NAMES utf8 */;
/*!50503 SET NAMES utf8mb4 */;
/*!40103 SET @OLD_TIME_ZONE=@@TIME_ZONE */;
/*!40103 SET TIME_ZONE='+00:00' */;
/*!40014 SET @OLD_FOREIGN_KEY_CHECKS=@@FOREIGN_KEY_CHECKS, FOREIGN_KEY_CHECKS=0 */;
/*!40101 SET @OLD_SQL_MODE=@@SQL_MODE, SQL_MODE='NO_AUTO_VALUE_ON_ZERO' */;
/*!40111 SET @OLD_SQL_NOTES=@@SQL_NOTES, SQL_NOTES=0 */;


-- Volcando estructura de base de datos para methat
CREATE DATABASE IF NOT EXISTS `methat` /*!40100 DEFAULT CHARACTER SET utf8mb3 */ /*!80016 DEFAULT ENCRYPTION='N' */;
USE `methat`;

-- Volcando estructura para tabla methat.archivo
CREATE TABLE IF NOT EXISTS `archivo` (
  `id_archivo` int NOT NULL AUTO_INCREMENT,
  `id_tipo_archivo` varchar(255) DEFAULT NULL,
  `id_usuario` int DEFAULT NULL,
  `id_ubicacion` varchar(255) DEFAULT NULL,
  `fecha_in` datetime DEFAULT NULL,
  `ruta_archivo` varchar(255) DEFAULT NULL,
  `nombre_archivo` varchar(255) DEFAULT NULL,
  `extension` varchar(20) DEFAULT NULL,
  `peso_archivo` varchar(20) DEFAULT NULL,
  `fecha_doc` varchar(255) DEFAULT NULL,
  `descripcion_archivo` varchar(255) DEFAULT NULL,
  PRIMARY KEY (`id_archivo`)
) ENGINE=InnoDB AUTO_INCREMENT=198 DEFAULT CHARSET=utf8mb3;

-- Volcando datos para la tabla methat.archivo: ~3 rows (aproximadamente)
INSERT INTO `archivo` (`id_archivo`, `id_tipo_archivo`, `id_usuario`, `id_ubicacion`, `fecha_in`, `ruta_archivo`, `nombre_archivo`, `extension`, `peso_archivo`, `fecha_doc`, `descripcion_archivo`) VALUES
	(195, '12', 6, '1', '2023-01-16 21:27:21', '../files/archivo/administrativa/2023/01/16/18S04C08-18S-230116-AV9-o_vacaciones.pdf', '18S04C08-18S-230116-AV9-o_vacaciones.pdf', 'pdf', '627.94 KB', '2023-01-16', 'oficio vacaciones del 11 al 30 de enero 2023'),
	(196, '2', 1000, '1', '2023-01-16 21:50:49', '../files/archivo/humanos/8031/18S04C03-8031-230116-7KP-acta_nacimiento.jpg', '18S04C03-8031-230116-7KP-acta_nacimiento.jpg', 'jpg', '837.07 KB', '2023-01-16', 'acta del 2023'),
	(197, '23', 1000, '1', '2023-01-16 21:51:41', '../files/archivo/materiales/2023/01/15/18S04C26-18S-230116-784-c_ingreso.jpg', '18S04C26-18S-230116-784-c_ingreso.jpg', 'jpg', '505.48 KB', '2023-01-15', 'contancia del 15 de enero del 2023');

-- Volcando estructura para tabla methat.archivo_permiso
CREATE TABLE IF NOT EXISTS `archivo_permiso` (
  `idarchivo_permiso` int NOT NULL AUTO_INCREMENT,
  `idusuario` int DEFAULT NULL,
  `idarchivo` int DEFAULT NULL,
  PRIMARY KEY (`idarchivo_permiso`)
) ENGINE=InnoDB AUTO_INCREMENT=185 DEFAULT CHARSET=utf8mb3;

-- Volcando datos para la tabla methat.archivo_permiso: ~5 rows (aproximadamente)
INSERT INTO `archivo_permiso` (`idarchivo_permiso`, `idusuario`, `idarchivo`) VALUES
	(178, 6, 195),
	(179, 6, 196),
	(180, 1000, 196),
	(183, 6, 197),
	(184, 1000, 197);

-- Volcando estructura para tabla methat.camara
CREATE TABLE IF NOT EXISTS `camara` (
  `idCamara` int NOT NULL AUTO_INCREMENT,
  `decripcion` varchar(255) DEFAULT NULL,
  `marca` varchar(100) DEFAULT NULL,
  `modelo` varchar(50) DEFAULT NULL,
  `serie` varchar(50) DEFAULT NULL,
  `clave` varchar(20) DEFAULT NULL,
  `idUbicacionCamara` int DEFAULT NULL,
  `estadoCamara` varchar(20) DEFAULT NULL,
  PRIMARY KEY (`idCamara`)
) ENGINE=InnoDB DEFAULT CHARSET=utf8mb3;

-- Volcando datos para la tabla methat.camara: ~0 rows (aproximadamente)

-- Volcando estructura para tabla methat.categoria
CREATE TABLE IF NOT EXISTS `categoria` (
  `idcategoria` int NOT NULL AUTO_INCREMENT,
  `cnombre` varchar(50) CHARACTER SET latin1 COLLATE latin1_swedish_ci NOT NULL,
  `descripcion` varchar(256) CHARACTER SET latin1 COLLATE latin1_swedish_ci DEFAULT NULL,
  `condicion` tinyint(1) NOT NULL DEFAULT '1',
  PRIMARY KEY (`idcategoria`)
) ENGINE=InnoDB AUTO_INCREMENT=4 DEFAULT CHARSET=utf8mb3;

-- Volcando datos para la tabla methat.categoria: ~3 rows (aproximadamente)
INSERT INTO `categoria` (`idcategoria`, `cnombre`, `descripcion`, `condicion`) VALUES
	(1, 'operativo', 'policias', 1),
	(2, 'administrativo', 'personal', 1),
	(3, 'Bombero', 'ayuntamiento', 1);

-- Volcando estructura para tabla methat.departamento
CREATE TABLE IF NOT EXISTS `departamento` (
  `id_departamento` int NOT NULL AUTO_INCREMENT,
  `nombre_departamento` varchar(250) DEFAULT NULL,
  `slug_departamento` varchar(20) DEFAULT NULL,
  PRIMARY KEY (`id_departamento`)
) ENGINE=InnoDB AUTO_INCREMENT=6 DEFAULT CHARSET=utf8mb3;

-- Volcando datos para la tabla methat.departamento: ~5 rows (aproximadamente)
INSERT INTO `departamento` (`id_departamento`, `nombre_departamento`, `slug_departamento`) VALUES
	(1, 'Recursos Humanos', 'humanos'),
	(2, 'Recursos Materiales', 'materiales'),
	(3, 'Calidad e Higiene de alimentos', 'alimentos'),
	(4, 'Central de Taller', 'taller'),
	(5, 'Direccion Administrativa', 'administrativa');

-- Volcando estructura para tabla methat.dispositivo
CREATE TABLE IF NOT EXISTS `dispositivo` (
  `id_dispositivo` int NOT NULL AUTO_INCREMENT,
  `dispositivo_nombre` varchar(40) CHARACTER SET utf8mb3 COLLATE utf8mb3_general_ci NOT NULL DEFAULT '0',
  `dispositivo_tipo` varchar(40) NOT NULL DEFAULT '0',
  `ram` varchar(50) CHARACTER SET utf8mb3 COLLATE utf8mb3_general_ci DEFAULT NULL,
  `dispositivo_modelo` varchar(50) DEFAULT NULL,
  `dispositivo_fabricante` varchar(50) DEFAULT NULL,
  `dispositivo_serie` varchar(50) DEFAULT NULL,
  `flash` varchar(50) DEFAULT NULL,
  `version_hardware` varchar(50) DEFAULT NULL,
  PRIMARY KEY (`id_dispositivo`) USING BTREE
) ENGINE=InnoDB AUTO_INCREMENT=245 DEFAULT CHARSET=utf8mb3;

-- Volcando datos para la tabla methat.dispositivo: ~4 rows (aproximadamente)
INSERT INTO `dispositivo` (`id_dispositivo`, `dispositivo_nombre`, `dispositivo_tipo`, `ram`, `dispositivo_modelo`, `dispositivo_fabricante`, `dispositivo_serie`, `flash`, `version_hardware`) VALUES
	(2, 'MASTER_PLANTA', '0', '0', 'ESP32-S3', 'HELTEC', '3C6266FA12F4', NULL, NULL),
	(242, 'SLAVE1_PLANTA01', '0', NULL, 'esp32-S3', 'HELTEC', 'C46966FA12F4', NULL, NULL);

-- Volcando estructura para tabla methat.humedad
CREATE TABLE IF NOT EXISTS `humedad` (
  `id_humedad` int NOT NULL AUTO_INCREMENT,
  `humedad1` float NOT NULL DEFAULT '0',
  `id_modulo` varchar(50) NOT NULL DEFAULT '0',
  `id_sensor` varchar(50) NOT NULL DEFAULT '0',
  `fecha` datetime DEFAULT NULL,
  `valor_analogico` int DEFAULT NULL,
  PRIMARY KEY (`id_humedad`) USING BTREE,
  KEY `FK_temperatura_sensor` (`id_sensor`) USING BTREE
) ENGINE=InnoDB AUTO_INCREMENT=6083 DEFAULT CHARSET=utf8mb3 ROW_FORMAT=DYNAMIC;

-- Volcando datos para la tabla methat.humedad: ~1,122 rows (aproximadamente)
INSERT INTO `humedad` (`id_humedad`, `humedad1`, `id_modulo`, `id_sensor`, `fecha`, `valor_analogico`) VALUES
	(4847, 0, '3C6266FA12F4', 'C46966FA12F4', '2023-08-02 20:39:21', NULL),
	(4848, 0, '3C6266FA12F4', 'C46966FA12F4', '2023-08-02 20:39:24', NULL),
	(4849, 0, '3C6266FA12F4', 'C46966FA12F4', '2023-08-02 20:39:26', NULL),
	(4850, 0, '3C6266FA12F4', 'C46966FA12F4', '2023-08-02 20:39:29', NULL),
	(4851, 0, '3C6266FA12F4', 'C46966FA12F4', '2023-08-02 20:39:31', NULL),
	(4852, 0, '3C6266FA12F4', 'C46966FA12F4', '2023-08-02 20:39:33', NULL),
	(4853, 0, '3C6266FA12F4', 'C46966FA12F4', '2023-08-02 20:39:36', NULL),
	(4854, 0, '3C6266FA12F4', 'C46966FA12F4', '2023-08-02 20:39:38', NULL),
	(4855, 0, '3C6266FA12F4', 'C46966FA12F4', '2023-08-02 20:39:41', NULL),
	(4856, 0, '3C6266FA12F4', 'C46966FA12F4', '2023-08-02 20:39:43', NULL),
	(4857, 0, '3C6266FA12F4', 'C46966FA12F4', '2023-08-02 20:39:46', NULL),
	(4858, 0, '3C6266FA12F4', 'C46966FA12F4', '2023-08-02 20:39:49', NULL),
	(4859, 0, '3C6266FA12F4', 'C46966FA12F4', '2023-08-02 20:39:51', NULL),
	(4860, 0, '3C6266FA12F4', 'C46966FA12F4', '2023-08-02 20:39:54', NULL),
	(4861, 0, '3C6266FA12F4', 'C46966FA12F4', '2023-08-02 20:39:56', NULL),
	(4862, 0, '3C6266FA12F4', 'C46966FA12F4', '2023-08-02 20:39:58', NULL),
	(4863, 0, '3C6266FA12F4', 'C46966FA12F4', '2023-08-02 20:40:01', NULL),
	(4864, 0, '3C6266FA12F4', 'C46966FA12F4', '2023-08-02 20:40:03', NULL),
	(4865, 0, '3C6266FA12F4', 'C46966FA12F4', '2023-08-02 20:40:06', NULL),
	(4866, 0, '3C6266FA12F4', 'C46966FA12F4', '2023-08-02 20:40:08', NULL),
	(4867, 0, '3C6266FA12F4', 'C46966FA12F4', '2023-08-02 20:40:10', NULL),
	(4868, 0, '3C6266FA12F4', 'C46966FA12F4', '2023-08-02 20:40:14', NULL),
	(4869, 0, '3C6266FA12F4', 'C46966FA12F4', '2023-08-02 20:40:16', NULL),
	(4870, 0, '3C6266FA12F4', 'C46966FA12F4', '2023-08-02 20:40:19', NULL),
	(4871, 0, '3C6266FA12F4', 'C46966FA12F4', '2023-08-02 20:40:21', NULL),
	(4872, 0, '3C6266FA12F4', 'C46966FA12F4', '2023-08-02 20:40:23', NULL),
	(4873, 0, '3C6266FA12F4', 'C46966FA12F4', '2023-08-02 20:40:26', NULL),
	(4874, 0, '3C6266FA12F4', 'C46966FA12F4', '2023-08-02 20:40:28', NULL),
	(4875, 0, '3C6266FA12F4', 'C46966FA12F4', '2023-08-02 20:40:31', NULL),
	(4876, 0, '3C6266FA12F4', 'C46966FA12F4', '2023-08-02 20:40:33', NULL),
	(4877, 0, '3C6266FA12F4', 'C46966FA12F4', '2023-08-02 20:40:35', NULL),
	(4878, 0, '3C6266FA12F4', 'C46966FA12F4', '2023-08-02 20:40:39', NULL),
	(4879, 0, '3C6266FA12F4', 'C46966FA12F4', '2023-08-02 20:40:41', NULL),
	(4880, 0, '3C6266FA12F4', 'C46966FA12F4', '2023-08-02 20:40:44', NULL),
	(4881, 0, '3C6266FA12F4', 'C46966FA12F4', '2023-08-02 20:40:46', NULL),
	(4882, 0, '3C6266FA12F4', 'C46966FA12F4', '2023-08-02 20:40:48', NULL),
	(4883, 84, '3C6266FA12F4', 'C46966FA12F4', '2023-08-02 20:40:51', NULL),
	(4884, 84, '3C6266FA12F4', 'C46966FA12F4', '2023-08-02 20:40:53', NULL),
	(4885, 87, '3C6266FA12F4', 'C46966FA12F4', '2023-08-02 20:40:56', NULL),
	(4886, 87, '3C6266FA12F4', 'C46966FA12F4', '2023-08-02 20:40:58', NULL),
	(4887, 87, '3C6266FA12F4', 'C46966FA12F4', '2023-08-02 20:41:00', NULL),
	(4888, 28, '3C6266FA12F4', 'C46966FA12F4', '2023-08-02 20:41:03', NULL),
	(4889, 28, '3C6266FA12F4', 'C46966FA12F4', '2023-08-02 20:41:06', NULL),
	(4890, 0, '3C6266FA12F4', 'C46966FA12F4', '2023-08-02 20:41:09', NULL),
	(4891, 0, '3C6266FA12F4', 'C46966FA12F4', '2023-08-02 20:41:11', NULL),
	(4892, 0, '3C6266FA12F4', 'C46966FA12F4', '2023-08-02 20:41:14', NULL),
	(4893, 0, '3C6266FA12F4', 'C46966FA12F4', '2023-08-02 20:41:16', NULL),
	(4894, 0, '3C6266FA12F4', 'C46966FA12F4', '2023-08-02 20:41:18', NULL),
	(4895, 0, '3C6266FA12F4', 'C46966FA12F4', '2023-08-02 20:41:21', NULL),
	(4896, 0, '3C6266FA12F4', 'C46966FA12F4', '2023-08-02 20:41:23', NULL),
	(4897, 0, '3C6266FA12F4', 'C46966FA12F4', '2023-08-02 20:41:26', NULL),
	(4898, 0, '3C6266FA12F4', 'C46966FA12F4', '2023-08-02 20:41:28', NULL),
	(4899, 0, '3C6266FA12F4', 'C46966FA12F4', '2023-08-02 20:41:30', NULL),
	(4900, 0, '3C6266FA12F4', 'C46966FA12F4', '2023-08-02 20:41:34', NULL),
	(4901, 0, '3C6266FA12F4', 'C46966FA12F4', '2023-08-02 20:41:36', NULL),
	(4902, 0, '3C6266FA12F4', 'C46966FA12F4', '2023-08-02 20:41:39', NULL),
	(4903, 0, '3C6266FA12F4', 'C46966FA12F4', '2023-08-02 20:41:41', NULL),
	(4904, 0, '3C6266FA12F4', 'C46966FA12F4', '2023-08-02 20:41:43', NULL),
	(4905, 0, '3C6266FA12F4', 'C46966FA12F4', '2023-08-02 20:41:46', NULL),
	(4906, 0, '3C6266FA12F4', 'C46966FA12F4', '2023-08-02 20:41:48', NULL),
	(4907, 0, '3C6266FA12F4', 'C46966FA12F4', '2023-08-02 20:41:51', NULL),
	(4908, 0, '3C6266FA12F4', 'C46966FA12F4', '2023-08-02 20:41:53', NULL),
	(4909, 0, '3C6266FA12F4', 'C46966FA12F4', '2023-08-02 20:41:55', NULL),
	(4910, 0, '3C6266FA12F4', 'C46966FA12F4', '2023-08-02 20:41:58', NULL),
	(4911, 0, '3C6266FA12F4', 'C46966FA12F4', '2023-08-02 20:42:01', NULL),
	(4912, 0, '3C6266FA12F4', 'C46966FA12F4', '2023-08-02 20:42:04', NULL),
	(4913, 0, '3C6266FA12F4', 'C46966FA12F4', '2023-08-02 20:42:06', NULL),
	(4914, 0, '3C6266FA12F4', 'C46966FA12F4', '2023-08-02 20:42:08', NULL),
	(4915, 0, '3C6266FA12F4', 'C46966FA12F4', '2023-08-02 20:42:11', NULL),
	(4916, 0, '3C6266FA12F4', 'C46966FA12F4', '2023-08-02 20:42:13', NULL),
	(4917, 0, '3C6266FA12F4', 'C46966FA12F4', '2023-08-02 20:42:16', NULL),
	(4918, 0, '3C6266FA12F4', 'C46966FA12F4', '2023-08-02 20:42:18', NULL),
	(4919, 0, '3C6266FA12F4', 'C46966FA12F4', '2023-08-02 20:42:20', NULL),
	(4920, 0, '3C6266FA12F4', 'C46966FA12F4', '2023-08-02 20:42:23', NULL),
	(4921, 0, '3C6266FA12F4', 'C46966FA12F4', '2023-08-02 20:42:25', NULL),
	(4922, 0, '3C6266FA12F4', 'C46966FA12F4', '2023-08-02 20:42:29', NULL),
	(4923, 0, '3C6266FA12F4', 'C46966FA12F4', '2023-08-02 20:42:31', NULL),
	(4924, 0, '3C6266FA12F4', 'C46966FA12F4', '2023-08-02 20:42:33', NULL),
	(4925, 0, '3C6266FA12F4', 'C46966FA12F4', '2023-08-02 20:42:36', NULL),
	(4926, 0, '3C6266FA12F4', 'C46966FA12F4', '2023-08-02 20:42:38', NULL),
	(4927, 0, '3C6266FA12F4', 'C46966FA12F4', '2023-08-02 20:42:41', NULL),
	(4928, 0, '3C6266FA12F4', 'C46966FA12F4', '2023-08-02 20:42:43', NULL),
	(4929, 0, '3C6266FA12F4', 'C46966FA12F4', '2023-08-02 20:42:45', NULL),
	(4930, 0, '3C6266FA12F4', 'C46966FA12F4', '2023-08-02 20:42:48', NULL),
	(4931, 0, '3C6266FA12F4', 'C46966FA12F4', '2023-08-02 20:42:50', NULL),
	(4932, 0, '3C6266FA12F4', 'C46966FA12F4', '2023-08-02 20:42:54', NULL),
	(4933, 0, '3C6266FA12F4', 'C46966FA12F4', '2023-08-02 20:42:56', NULL),
	(4934, 0, '3C6266FA12F4', 'C46966FA12F4', '2023-08-02 20:42:58', NULL),
	(4935, 0, '3C6266FA12F4', 'C46966FA12F4', '2023-08-02 20:43:01', NULL),
	(4936, 0, '3C6266FA12F4', 'C46966FA12F4', '2023-08-02 20:43:03', NULL),
	(4937, 0, '3C6266FA12F4', 'C46966FA12F4', '2023-08-02 20:43:06', NULL),
	(4938, 0, '3C6266FA12F4', 'C46966FA12F4', '2023-08-02 20:43:08', NULL),
	(4939, 0, '3C6266FA12F4', 'C46966FA12F4', '2023-08-02 20:43:10', NULL),
	(4940, 0, '3C6266FA12F4', 'C46966FA12F4', '2023-08-02 20:43:13', NULL),
	(4941, 0, '3C6266FA12F4', 'C46966FA12F4', '2023-08-02 20:43:15', NULL),
	(4942, 0, '3C6266FA12F4', 'C46966FA12F4', '2023-08-02 20:43:18', NULL),
	(4943, 0, '3C6266FA12F4', 'C46966FA12F4', '2023-08-02 20:43:21', NULL),
	(4944, 0, '3C6266FA12F4', 'C46966FA12F4', '2023-08-02 20:43:23', NULL),
	(4945, 0, '3C6266FA12F4', 'C46966FA12F4', '2023-08-02 20:43:26', NULL),
	(4946, 0, '3C6266FA12F4', 'C46966FA12F4', '2023-08-02 20:43:28', NULL),
	(4947, 0, '3C6266FA12F4', 'C46966FA12F4', '2023-08-02 20:43:31', NULL),
	(4948, 0, '3C6266FA12F4', 'C46966FA12F4', '2023-08-02 20:43:33', NULL),
	(4949, 0, '3C6266FA12F4', 'C46966FA12F4', '2023-08-02 20:43:35', NULL),
	(4950, 0, '3C6266FA12F4', 'C46966FA12F4', '2023-08-02 20:43:38', NULL),
	(4951, 0, '3C6266FA12F4', 'C46966FA12F4', '2023-08-02 20:43:40', NULL),
	(4952, 0, '3C6266FA12F4', 'C46966FA12F4', '2023-08-02 20:43:43', NULL),
	(4953, 0, '3C6266FA12F4', 'C46966FA12F4', '2023-08-02 20:43:46', NULL),
	(4954, 0, '3C6266FA12F4', 'C46966FA12F4', '2023-08-02 20:43:48', NULL),
	(4955, 0, '3C6266FA12F4', 'C46966FA12F4', '2023-08-02 20:43:51', NULL),
	(4956, 0, '3C6266FA12F4', 'C46966FA12F4', '2023-08-02 20:43:53', NULL),
	(4957, 0, '3C6266FA12F4', 'C46966FA12F4', '2023-08-02 20:43:56', NULL),
	(4958, 0, '3C6266FA12F4', 'C46966FA12F4', '2023-08-02 20:43:58', NULL),
	(4959, 0, '3C6266FA12F4', 'C46966FA12F4', '2023-08-02 20:44:01', NULL),
	(4960, 0, '3C6266FA12F4', 'C46966FA12F4', '2023-08-02 20:44:03', NULL),
	(4961, 0, '3C6266FA12F4', 'C46966FA12F4', '2023-08-02 20:44:05', NULL),
	(4962, 0, '3C6266FA12F4', 'C46966FA12F4', '2023-08-02 20:44:08', NULL),
	(4963, 0, '3C6266FA12F4', 'C46966FA12F4', '2023-08-02 20:44:10', NULL),
	(4964, 0, '3C6266FA12F4', 'C46966FA12F4', '2023-08-02 20:44:13', NULL),
	(4965, 0, '3C6266FA12F4', 'C46966FA12F4', '2023-08-02 20:44:16', NULL),
	(4966, 0, '3C6266FA12F4', 'C46966FA12F4', '2023-08-02 20:44:18', NULL),
	(4967, 0, '3C6266FA12F4', 'C46966FA12F4', '2023-08-02 20:44:21', NULL),
	(4968, 0, '3C6266FA12F4', 'C46966FA12F4', '2023-08-02 20:44:23', NULL),
	(4969, 0, '3C6266FA12F4', 'C46966FA12F4', '2023-08-02 20:44:26', NULL),
	(4970, 0, '3C6266FA12F4', 'C46966FA12F4', '2023-08-02 20:44:28', NULL),
	(4971, 0, '3C6266FA12F4', 'C46966FA12F4', '2023-08-02 20:44:30', NULL),
	(4972, 0, '3C6266FA12F4', 'C46966FA12F4', '2023-08-02 20:44:33', NULL),
	(4973, 0, '3C6266FA12F4', 'C46966FA12F4', '2023-08-02 20:44:35', NULL),
	(4974, 0, '3C6266FA12F4', 'C46966FA12F4', '2023-08-02 20:44:38', NULL),
	(4975, 0, '3C6266FA12F4', 'C46966FA12F4', '2023-08-02 20:44:41', NULL),
	(4976, 0, '3C6266FA12F4', 'C46966FA12F4', '2023-08-02 20:44:43', NULL),
	(4977, 0, '3C6266FA12F4', 'C46966FA12F4', '2023-08-02 20:44:46', NULL),
	(4978, 0, '3C6266FA12F4', 'C46966FA12F4', '2023-08-02 20:44:48', NULL),
	(4979, 0, '3C6266FA12F4', 'C46966FA12F4', '2023-08-02 20:44:51', NULL),
	(4980, 0, '3C6266FA12F4', 'C46966FA12F4', '2023-08-02 20:44:53', NULL),
	(4981, 0, '3C6266FA12F4', 'C46966FA12F4', '2023-08-02 20:44:55', NULL),
	(4982, 0, '3C6266FA12F4', 'C46966FA12F4', '2023-08-02 20:44:58', NULL),
	(4983, 0, '3C6266FA12F4', 'C46966FA12F4', '2023-08-02 20:45:00', NULL),
	(4984, 0, '3C6266FA12F4', 'C46966FA12F4', '2023-08-02 20:45:03', NULL),
	(4985, 0, '3C6266FA12F4', 'C46966FA12F4', '2023-08-02 20:45:05', NULL),
	(4986, 0, '3C6266FA12F4', 'C46966FA12F4', '2023-08-02 20:45:08', NULL),
	(4987, 0, '3C6266FA12F4', 'C46966FA12F4', '2023-08-02 20:45:11', NULL),
	(4988, 0, '3C6266FA12F4', 'C46966FA12F4', '2023-08-02 20:45:13', NULL),
	(4989, 0, '3C6266FA12F4', 'C46966FA12F4', '2023-08-02 20:45:16', NULL),
	(4990, 0, '3C6266FA12F4', 'C46966FA12F4', '2023-08-02 20:45:18', NULL),
	(4991, 0, '3C6266FA12F4', 'C46966FA12F4', '2023-08-02 20:45:20', NULL),
	(4992, 0, '3C6266FA12F4', 'C46966FA12F4', '2023-08-02 20:45:23', NULL),
	(4993, 0, '3C6266FA12F4', 'C46966FA12F4', '2023-08-02 20:45:25', NULL),
	(4994, 0, '3C6266FA12F4', 'C46966FA12F4', '2023-08-02 20:45:28', NULL),
	(4995, 0, '3C6266FA12F4', 'C46966FA12F4', '2023-08-02 20:45:30', NULL),
	(4996, 0, '3C6266FA12F4', 'C46966FA12F4', '2023-08-02 20:45:32', NULL),
	(4997, 0, '3C6266FA12F4', 'C46966FA12F4', '2023-08-02 20:45:36', NULL),
	(4998, 0, '3C6266FA12F4', 'C46966FA12F4', '2023-08-02 20:45:38', NULL),
	(4999, 0, '3C6266FA12F4', 'C46966FA12F4', '2023-08-02 20:45:41', NULL),
	(5000, 0, '3C6266FA12F4', 'C46966FA12F4', '2023-08-02 20:45:43', NULL),
	(5001, 0, '3C6266FA12F4', 'C46966FA12F4', '2023-08-02 20:45:45', NULL),
	(5002, 0, '3C6266FA12F4', 'C46966FA12F4', '2023-08-02 20:45:48', NULL),
	(5003, 0, '3C6266FA12F4', 'C46966FA12F4', '2023-08-02 20:45:50', NULL),
	(5004, 0, '3C6266FA12F4', 'C46966FA12F4', '2023-08-02 20:45:53', NULL),
	(5005, 0, '3C6266FA12F4', 'C46966FA12F4', '2023-08-02 20:45:55', NULL),
	(5006, 0, '3C6266FA12F4', 'C46966FA12F4', '2023-08-02 20:45:57', NULL),
	(5007, 0, '3C6266FA12F4', 'C46966FA12F4', '2023-08-02 20:46:00', NULL),
	(5008, 0, '3C6266FA12F4', 'C46966FA12F4', '2023-08-02 20:46:03', NULL),
	(5009, 0, '3C6266FA12F4', 'C46966FA12F4', '2023-08-02 20:46:06', NULL),
	(5010, 0, '3C6266FA12F4', 'C46966FA12F4', '2023-08-02 20:46:08', NULL),
	(5011, 0, '3C6266FA12F4', 'C46966FA12F4', '2023-08-02 20:46:10', NULL),
	(5012, 0, '3C6266FA12F4', 'C46966FA12F4', '2023-08-02 20:46:13', NULL),
	(5013, 0, '3C6266FA12F4', 'C46966FA12F4', '2023-08-02 20:46:15', NULL),
	(5014, 0, '3C6266FA12F4', 'C46966FA12F4', '2023-08-02 20:46:18', NULL),
	(5015, 0, '3C6266FA12F4', 'C46966FA12F4', '2023-08-02 20:46:20', NULL),
	(5016, 0, '3C6266FA12F4', 'C46966FA12F4', '2023-08-02 20:46:22', NULL),
	(5017, 0, '3C6266FA12F4', 'C46966FA12F4', '2023-08-02 20:46:25', NULL),
	(5018, 0, '3C6266FA12F4', 'C46966FA12F4', '2023-08-02 20:46:28', NULL),
	(5019, 0, '3C6266FA12F4', 'C46966FA12F4', '2023-08-02 20:46:31', NULL),
	(5020, 0, '3C6266FA12F4', 'C46966FA12F4', '2023-08-02 20:46:33', NULL),
	(5021, 0, '3C6266FA12F4', 'C46966FA12F4', '2023-08-02 20:46:35', NULL),
	(5022, 0, '3C6266FA12F4', 'C46966FA12F4', '2023-08-02 20:46:38', NULL),
	(5023, 0, '3C6266FA12F4', 'C46966FA12F4', '2023-08-02 20:46:40', NULL),
	(5024, 0, '3C6266FA12F4', 'C46966FA12F4', '2023-08-02 20:46:43', NULL),
	(5025, 0, '3C6266FA12F4', 'C46966FA12F4', '2023-08-02 20:46:45', NULL),
	(5026, 0, '3C6266FA12F4', 'C46966FA12F4', '2023-08-02 20:46:48', NULL),
	(5027, 0, '3C6266FA12F4', 'C46966FA12F4', '2023-08-02 20:46:50', NULL),
	(5028, 0, '3C6266FA12F4', 'C46966FA12F4', '2023-08-02 20:46:52', NULL),
	(5029, 0, '3C6266FA12F4', 'C46966FA12F4', '2023-08-02 20:46:56', NULL),
	(5030, 0, '3C6266FA12F4', 'C46966FA12F4', '2023-08-02 20:46:58', NULL),
	(5031, 0, '3C6266FA12F4', 'C46966FA12F4', '2023-08-02 20:47:01', NULL),
	(5032, 0, '3C6266FA12F4', 'C46966FA12F4', '2023-08-02 20:47:03', NULL),
	(5033, 0, '3C6266FA12F4', 'C46966FA12F4', '2023-08-02 20:47:05', NULL),
	(5034, 0, '3C6266FA12F4', 'C46966FA12F4', '2023-08-02 20:47:08', NULL),
	(5035, 0, '3C6266FA12F4', 'C46966FA12F4', '2023-08-02 20:47:10', NULL),
	(5036, 0, '3C6266FA12F4', 'C46966FA12F4', '2023-08-02 20:47:13', NULL),
	(5037, 0, '3C6266FA12F4', 'C46966FA12F4', '2023-08-02 20:47:15', NULL),
	(5038, 0, '3C6266FA12F4', 'C46966FA12F4', '2023-08-02 20:47:17', NULL),
	(5039, 0, '3C6266FA12F4', 'C46966FA12F4', '2023-08-02 20:47:20', NULL),
	(5040, 0, '3C6266FA12F4', 'C46966FA12F4', '2023-08-02 20:47:23', NULL),
	(5041, 0, '3C6266FA12F4', 'C46966FA12F4', '2023-08-02 20:47:26', NULL),
	(5042, 0, '3C6266FA12F4', 'C46966FA12F4', '2023-08-02 20:47:28', NULL),
	(5043, 0, '3C6266FA12F4', 'C46966FA12F4', '2023-08-02 20:47:30', NULL),
	(5044, 0, '3C6266FA12F4', 'C46966FA12F4', '2023-08-02 20:47:33', NULL),
	(5045, 0, '3C6266FA12F4', 'C46966FA12F4', '2023-08-02 20:47:35', NULL),
	(5046, 0, '3C6266FA12F4', 'C46966FA12F4', '2023-08-02 20:47:38', NULL),
	(5047, 0, '3C6266FA12F4', 'C46966FA12F4', '2023-08-02 20:47:40', NULL),
	(5048, 0, '3C6266FA12F4', 'C46966FA12F4', '2023-08-02 20:47:42', NULL),
	(5049, 0, '3C6266FA12F4', 'C46966FA12F4', '2023-08-02 20:47:45', NULL),
	(5050, 0, '3C6266FA12F4', 'C46966FA12F4', '2023-08-02 20:47:47', NULL),
	(5051, 0, '3C6266FA12F4', 'C46966FA12F4', '2023-08-02 20:47:51', NULL),
	(5052, 0, '3C6266FA12F4', 'C46966FA12F4', '2023-08-02 20:47:53', NULL),
	(5053, 0, '3C6266FA12F4', 'C46966FA12F4', '2023-08-02 20:47:55', NULL),
	(5054, 0, '3C6266FA12F4', 'C46966FA12F4', '2023-08-02 20:47:58', NULL),
	(5055, 0, '3C6266FA12F4', 'C46966FA12F4', '2023-08-02 20:48:00', NULL),
	(5056, 0, '3C6266FA12F4', 'C46966FA12F4', '2023-08-02 20:48:03', NULL),
	(5057, 0, '3C6266FA12F4', 'C46966FA12F4', '2023-08-02 20:48:05', NULL),
	(5058, 0, '3C6266FA12F4', 'C46966FA12F4', '2023-08-02 20:48:07', NULL),
	(5059, 0, '3C6266FA12F4', 'C46966FA12F4', '2023-08-02 20:48:10', NULL),
	(5060, 0, '3C6266FA12F4', 'C46966FA12F4', '2023-08-02 20:48:12', NULL),
	(5061, 0, '3C6266FA12F4', 'C46966FA12F4', '2023-08-02 20:48:16', NULL),
	(5062, 0, '3C6266FA12F4', 'C46966FA12F4', '2023-08-02 20:48:18', NULL),
	(5063, 0, '3C6266FA12F4', 'C46966FA12F4', '2023-08-02 20:48:20', NULL),
	(5064, 0, '3C6266FA12F4', 'C46966FA12F4', '2023-08-02 20:48:23', NULL),
	(5065, 0, '3C6266FA12F4', 'C46966FA12F4', '2023-08-02 20:48:25', NULL),
	(5066, 0, '3C6266FA12F4', 'C46966FA12F4', '2023-08-02 20:48:28', NULL),
	(5067, 0, '3C6266FA12F4', 'C46966FA12F4', '2023-08-02 20:48:30', NULL),
	(5068, 0, '3C6266FA12F4', 'C46966FA12F4', '2023-08-02 20:48:32', NULL),
	(5069, 0, '3C6266FA12F4', 'C46966FA12F4', '2023-08-02 20:48:35', NULL),
	(5070, 0, '3C6266FA12F4', 'C46966FA12F4', '2023-08-02 20:48:37', NULL),
	(5071, 0, '3C6266FA12F4', 'C46966FA12F4', '2023-08-02 20:48:40', NULL),
	(5072, 0, '3C6266FA12F4', 'C46966FA12F4', '2023-08-02 20:48:43', NULL),
	(5073, 0, '3C6266FA12F4', 'C46966FA12F4', '2023-08-02 20:48:45', NULL),
	(5074, 0, '3C6266FA12F4', 'C46966FA12F4', '2023-08-02 20:48:48', NULL),
	(5075, 0, '3C6266FA12F4', 'C46966FA12F4', '2023-08-02 20:48:50', NULL),
	(5076, 0, '3C6266FA12F4', 'C46966FA12F4', '2023-08-02 20:48:53', NULL),
	(5077, 0, '3C6266FA12F4', 'C46966FA12F4', '2023-08-02 20:48:55', NULL),
	(5078, 0, '3C6266FA12F4', 'C46966FA12F4', '2023-08-02 20:48:57', NULL),
	(5079, 0, '3C6266FA12F4', 'C46966FA12F4', '2023-08-02 20:49:00', NULL),
	(5080, 0, '3C6266FA12F4', 'C46966FA12F4', '2023-08-02 20:49:02', NULL),
	(5081, 0, '3C6266FA12F4', 'C46966FA12F4', '2023-08-02 20:49:05', NULL),
	(5082, 0, '3C6266FA12F4', 'C46966FA12F4', '2023-08-02 20:49:07', NULL),
	(5083, 0, '3C6266FA12F4', 'C46966FA12F4', '2023-08-02 20:49:10', NULL),
	(5084, 0, '3C6266FA12F4', 'C46966FA12F4', '2023-08-02 20:49:13', NULL),
	(5085, 0, '3C6266FA12F4', 'C46966FA12F4', '2023-08-02 20:49:15', NULL),
	(5086, 0, '3C6266FA12F4', 'C46966FA12F4', '2023-08-02 20:49:18', NULL),
	(5087, 0, '3C6266FA12F4', 'C46966FA12F4', '2023-08-02 20:49:20', NULL),
	(5088, 0, '3C6266FA12F4', 'C46966FA12F4', '2023-08-02 20:49:22', NULL),
	(5089, 0, '3C6266FA12F4', 'C46966FA12F4', '2023-08-02 20:49:25', NULL),
	(5090, 0, '3C6266FA12F4', 'C46966FA12F4', '2023-08-04 16:00:21', NULL),
	(5091, 0, '3C6266FA12F4', 'C46966FA12F4', '2023-08-04 16:00:23', NULL),
	(5092, 0, '3C6266FA12F4', 'C46966FA12F4', '2023-08-04 16:00:26', NULL),
	(5093, 0, '3C6266FA12F4', 'C46966FA12F4', '2023-08-04 16:00:28', NULL),
	(5094, 0, '3C6266FA12F4', 'C46966FA12F4', '2023-08-04 16:00:31', NULL),
	(5095, 0, '3C6266FA12F4', 'C46966FA12F4', '2023-08-04 16:00:33', NULL),
	(5096, 0, '3C6266FA12F4', 'C46966FA12F4', '2023-08-04 16:00:36', NULL),
	(5097, 0, '3C6266FA12F4', 'C46966FA12F4', '2023-08-04 16:00:39', NULL),
	(5098, 0, '3C6266FA12F4', 'C46966FA12F4', '2023-08-04 16:00:41', NULL),
	(5099, 0, '3C6266FA12F4', 'C46966FA12F4', '2023-08-04 16:00:44', NULL),
	(5100, 0, '3C6266FA12F4', 'C46966FA12F4', '2023-08-04 16:00:46', NULL),
	(5101, 0, '3C6266FA12F4', 'C46966FA12F4', '2023-08-04 16:00:48', NULL),
	(5102, 0, '3C6266FA12F4', 'C46966FA12F4', '2023-08-04 16:00:51', NULL),
	(5103, 0, '3C6266FA12F4', 'C46966FA12F4', '2023-08-04 16:00:53', NULL),
	(5104, 0, '3C6266FA12F4', 'C46966FA12F4', '2023-08-04 16:00:56', NULL),
	(5105, 0, '3C6266FA12F4', 'C46966FA12F4', '2023-08-04 16:00:58', NULL),
	(5106, 0, '3C6266FA12F4', 'C46966FA12F4', '2023-08-04 16:01:02', NULL),
	(5107, 0, '3C6266FA12F4', 'C46966FA12F4', '2023-08-04 16:01:04', NULL),
	(5108, 0, '3C6266FA12F4', 'C46966FA12F4', '2023-08-04 16:01:06', NULL),
	(5109, 0, '3C6266FA12F4', 'C46966FA12F4', '2023-08-04 16:01:09', NULL),
	(5110, 0, '3C6266FA12F4', 'C46966FA12F4', '2023-08-04 16:01:11', NULL),
	(5111, 0, '3C6266FA12F4', 'C46966FA12F4', '2023-08-04 16:01:14', NULL),
	(5112, 0, '3C6266FA12F4', 'C46966FA12F4', '2023-08-04 16:01:16', NULL),
	(5113, 0, '3C6266FA12F4', 'C46966FA12F4', '2023-08-04 16:01:18', NULL),
	(5114, 0, '3C6266FA12F4', 'C46966FA12F4', '2023-08-04 16:01:21', NULL),
	(5115, 0, '3C6266FA12F4', 'C46966FA12F4', '2023-08-04 16:01:24', NULL),
	(5116, 0, '3C6266FA12F4', 'C46966FA12F4', '2023-08-04 16:01:27', NULL),
	(5117, 0, '3C6266FA12F4', 'C46966FA12F4', '2023-08-04 16:01:29', NULL),
	(5118, 0, '3C6266FA12F4', 'C46966FA12F4', '2023-08-04 16:01:31', NULL),
	(5119, 0, '3C6266FA12F4', 'C46966FA12F4', '2023-08-04 16:01:34', NULL),
	(5120, 0, '3C6266FA12F4', 'C46966FA12F4', '2023-08-04 16:01:36', NULL),
	(5121, 0, '3C6266FA12F4', 'C46966FA12F4', '2023-08-04 16:01:39', NULL),
	(5122, 0, '3C6266FA12F4', 'C46966FA12F4', '2023-08-04 16:01:42', NULL),
	(5123, 0, '3C6266FA12F4', 'C46966FA12F4', '2023-08-04 16:01:44', NULL),
	(5124, 0, '3C6266FA12F4', 'C46966FA12F4', '2023-08-04 16:01:47', NULL),
	(5125, 0, '3C6266FA12F4', 'C46966FA12F4', '2023-08-04 16:01:49', NULL),
	(5126, 0, '3C6266FA12F4', 'C46966FA12F4', '2023-08-04 16:01:52', NULL),
	(5127, 0, '3C6266FA12F4', 'C46966FA12F4', '2023-08-04 16:01:54', NULL),
	(5128, 0, '3C6266FA12F4', 'C46966FA12F4', '2023-08-04 16:01:57', NULL),
	(5129, 0, '3C6266FA12F4', 'C46966FA12F4', '2023-08-04 16:01:59', NULL),
	(5130, 0, '3C6266FA12F4', 'C46966FA12F4', '2023-08-04 16:02:01', NULL),
	(5131, 0, '3C6266FA12F4', 'C46966FA12F4', '2023-08-04 16:02:04', NULL),
	(5132, 0, '3C6266FA12F4', 'C46966FA12F4', '2023-08-04 16:02:06', NULL),
	(5133, 0, '3C6266FA12F4', 'C46966FA12F4', '2023-08-04 16:02:10', NULL),
	(5134, 0, '3C6266FA12F4', 'C46966FA12F4', '2023-08-04 16:02:12', NULL),
	(5135, 0, '3C6266FA12F4', 'C46966FA12F4', '2023-08-04 16:02:14', NULL),
	(5136, 0, '3C6266FA12F4', 'C46966FA12F4', '2023-08-04 16:02:17', NULL),
	(5137, 0, '3C6266FA12F4', 'C46966FA12F4', '2023-08-04 16:02:19', NULL),
	(5138, 0, '3C6266FA12F4', 'C46966FA12F4', '2023-08-04 16:02:22', NULL),
	(5139, 0, '3C6266FA12F4', 'C46966FA12F4', '2023-08-04 16:02:24', NULL),
	(5140, 0, '3C6266FA12F4', 'C46966FA12F4', '2023-08-04 16:02:26', NULL),
	(5141, 0, '3C6266FA12F4', 'C46966FA12F4', '2023-08-04 16:02:29', NULL),
	(5142, 0, '3C6266FA12F4', 'C46966FA12F4', '2023-08-04 16:02:31', NULL),
	(5143, 0, '3C6266FA12F4', 'C46966FA12F4', '2023-08-04 16:02:35', NULL),
	(5144, 0, '3C6266FA12F4', 'C46966FA12F4', '2023-08-04 16:02:37', NULL),
	(5145, 0, '3C6266FA12F4', 'C46966FA12F4', '2023-08-04 16:02:39', NULL),
	(5146, 0, '3C6266FA12F4', 'C46966FA12F4', '2023-08-04 16:02:42', NULL),
	(5147, 0, '3C6266FA12F4', 'C46966FA12F4', '2023-08-04 16:02:44', NULL),
	(5148, 0, '3C6266FA12F4', 'C46966FA12F4', '2023-08-04 16:02:47', NULL),
	(5149, 0, '3C6266FA12F4', 'C46966FA12F4', '2023-08-04 16:02:50', NULL),
	(5150, 0, '3C6266FA12F4', 'C46966FA12F4', '2023-08-04 16:02:52', NULL),
	(5151, 0, '3C6266FA12F4', 'C46966FA12F4', '2023-08-04 16:02:55', NULL),
	(5152, 0, '3C6266FA12F4', 'C46966FA12F4', '2023-08-04 16:02:57', NULL),
	(5153, 0, '3C6266FA12F4', 'C46966FA12F4', '2023-08-04 16:03:00', NULL),
	(5154, 0, '3C6266FA12F4', 'C46966FA12F4', '2023-08-04 16:03:02', NULL),
	(5155, 0, '3C6266FA12F4', 'C46966FA12F4', '2023-08-04 16:03:05', NULL),
	(5156, 0, '3C6266FA12F4', 'C46966FA12F4', '2023-08-04 16:03:07', NULL),
	(5157, 0, '3C6266FA12F4', 'C46966FA12F4', '2023-08-04 16:03:10', NULL),
	(5158, 0, '3C6266FA12F4', 'C46966FA12F4', '2023-08-04 16:03:13', NULL),
	(5159, 0, '3C6266FA12F4', 'C46966FA12F4', '2023-08-04 16:03:15', NULL),
	(5160, 0, '3C6266FA12F4', 'C46966FA12F4', '2023-08-04 16:03:18', NULL),
	(5161, 0, '3C6266FA12F4', 'C46966FA12F4', '2023-08-04 16:03:20', NULL),
	(5162, 0, '3C6266FA12F4', 'C46966FA12F4', '2023-08-04 16:03:22', NULL),
	(5163, 0, '3C6266FA12F4', 'C46966FA12F4', '2023-08-04 16:03:25', NULL),
	(5164, 0, '3C6266FA12F4', 'C46966FA12F4', '2023-08-04 16:03:27', NULL),
	(5165, 0, '3C6266FA12F4', 'C46966FA12F4', '2023-08-04 16:03:30', NULL),
	(5166, 0, '3C6266FA12F4', 'C46966FA12F4', '2023-08-04 16:03:32', NULL),
	(5167, 0, '3C6266FA12F4', 'C46966FA12F4', '2023-08-04 16:03:35', NULL),
	(5168, 0, '3C6266FA12F4', 'C46966FA12F4', '2023-08-04 16:03:38', NULL),
	(5169, 0, '3C6266FA12F4', 'C46966FA12F4', '2023-08-04 16:03:40', NULL),
	(5170, 0, '3C6266FA12F4', 'C46966FA12F4', '2023-08-04 16:03:43', NULL),
	(5171, 0, '3C6266FA12F4', 'C46966FA12F4', '2023-08-04 16:03:45', NULL),
	(5172, 0, '3C6266FA12F4', 'C46966FA12F4', '2023-08-04 16:03:47', NULL),
	(5173, 0, '3C6266FA12F4', 'C46966FA12F4', '2023-08-04 16:03:50', NULL),
	(5174, 0, '3C6266FA12F4', 'C46966FA12F4', '2023-08-04 16:03:52', NULL),
	(5175, 0, '3C6266FA12F4', 'C46966FA12F4', '2023-08-04 16:03:55', NULL),
	(5176, 0, '3C6266FA12F4', 'C46966FA12F4', '2023-08-04 16:03:58', NULL),
	(5177, 0, '3C6266FA12F4', 'C46966FA12F4', '2023-08-04 16:04:00', NULL),
	(5178, 0, '3C6266FA12F4', 'C46966FA12F4', '2023-08-04 16:04:03', NULL),
	(5179, 0, '3C6266FA12F4', 'C46966FA12F4', '2023-08-04 16:04:05', NULL),
	(5180, 0, '3C6266FA12F4', 'C46966FA12F4', '2023-08-04 16:04:08', NULL),
	(5181, 0, '3C6266FA12F4', 'C46966FA12F4', '2023-08-04 16:04:10', NULL),
	(5182, 0, '3C6266FA12F4', 'C46966FA12F4', '2023-08-04 16:04:12', NULL),
	(5183, 0, '3C6266FA12F4', 'C46966FA12F4', '2023-08-04 16:04:15', NULL),
	(5184, 0, '3C6266FA12F4', 'C46966FA12F4', '2023-08-04 16:04:18', NULL),
	(5185, 0, '3C6266FA12F4', 'C46966FA12F4', '2023-08-04 16:04:21', NULL),
	(5186, 0, '3C6266FA12F4', 'C46966FA12F4', '2023-08-04 16:04:23', NULL),
	(5187, 0, '3C6266FA12F4', 'C46966FA12F4', '2023-08-04 16:04:25', NULL),
	(5188, 0, '3C6266FA12F4', 'C46966FA12F4', '2023-08-04 16:04:28', NULL),
	(5189, 0, '3C6266FA12F4', 'C46966FA12F4', '2023-08-04 16:04:30', NULL),
	(5190, 0, '3C6266FA12F4', 'C46966FA12F4', '2023-08-04 16:04:33', NULL),
	(5191, 0, '3C6266FA12F4', 'C46966FA12F4', '2023-08-04 16:04:35', NULL),
	(5192, 0, '3C6266FA12F4', 'C46966FA12F4', '2023-08-04 16:04:38', NULL),
	(5193, 0, '3C6266FA12F4', 'C46966FA12F4', '2023-08-04 16:04:40', NULL),
	(5194, 0, '3C6266FA12F4', 'C46966FA12F4', '2023-08-04 16:04:42', NULL),
	(5195, 0, '3C6266FA12F4', 'C46966FA12F4', '2023-08-04 16:04:46', NULL),
	(5196, 0, '3C6266FA12F4', 'C46966FA12F4', '2023-08-04 16:04:48', NULL),
	(5197, 0, '3C6266FA12F4', 'C46966FA12F4', '2023-08-04 16:04:51', NULL),
	(5198, 0, '3C6266FA12F4', 'C46966FA12F4', '2023-08-04 16:04:53', NULL),
	(5199, 0, '3C6266FA12F4', 'C46966FA12F4', '2023-08-04 16:04:55', NULL),
	(5200, 0, '3C6266FA12F4', 'C46966FA12F4', '2023-08-04 16:04:58', NULL),
	(5201, 0, '3C6266FA12F4', 'C46966FA12F4', '2023-08-04 16:05:00', NULL),
	(5202, 0, '3C6266FA12F4', 'C46966FA12F4', '2023-08-04 16:05:03', NULL),
	(5203, 0, '3C6266FA12F4', 'C46966FA12F4', '2023-08-04 16:05:05', NULL),
	(5204, 0, '3C6266FA12F4', 'C46966FA12F4', '2023-08-04 16:05:07', NULL),
	(5205, 0, '3C6266FA12F4', 'C46966FA12F4', '2023-08-04 16:05:11', NULL),
	(5206, 0, '3C6266FA12F4', 'C46966FA12F4', '2023-08-04 16:05:13', NULL),
	(5207, 0, '3C6266FA12F4', 'C46966FA12F4', '2023-08-04 16:05:16', NULL),
	(5208, 0, '3C6266FA12F4', 'C46966FA12F4', '2023-08-04 16:05:18', NULL),
	(5209, 0, '3C6266FA12F4', 'C46966FA12F4', '2023-08-04 16:05:20', NULL),
	(5210, 0, '3C6266FA12F4', 'C46966FA12F4', '2023-08-04 16:05:23', NULL),
	(5211, 0, '3C6266FA12F4', 'C46966FA12F4', '2023-08-04 16:05:25', NULL),
	(5212, 0, '3C6266FA12F4', 'C46966FA12F4', '2023-08-04 16:05:28', NULL),
	(5213, 0, '3C6266FA12F4', 'C46966FA12F4', '2023-08-04 16:05:30', NULL),
	(5214, 0, '3C6266FA12F4', 'C46966FA12F4', '2023-08-04 16:05:33', NULL),
	(5215, 0, '3C6266FA12F4', 'C46966FA12F4', '2023-08-04 16:05:36', NULL),
	(5216, 0, '3C6266FA12F4', 'C46966FA12F4', '2023-08-04 16:05:38', NULL),
	(5217, 0, '3C6266FA12F4', 'C46966FA12F4', '2023-08-04 16:05:41', NULL),
	(5218, 0, '3C6266FA12F4', 'C46966FA12F4', '2023-08-04 16:05:43', NULL),
	(5219, 0, '3C6266FA12F4', 'C46966FA12F4', '2023-08-04 16:05:45', NULL),
	(5220, 0, '3C6266FA12F4', 'C46966FA12F4', '2023-08-04 16:05:48', NULL),
	(5221, 0, '3C6266FA12F4', 'C46966FA12F4', '2023-08-04 16:05:50', NULL),
	(5222, 0, '3C6266FA12F4', 'C46966FA12F4', '2023-08-04 16:05:53', NULL),
	(5223, 0, '3C6266FA12F4', 'C46966FA12F4', '2023-08-04 16:05:55', NULL),
	(5224, 0, '3C6266FA12F4', 'C46966FA12F4', '2023-08-04 16:05:58', NULL),
	(5225, 0, '3C6266FA12F4', 'C46966FA12F4', '2023-08-04 16:06:01', NULL),
	(5226, 0, '3C6266FA12F4', 'C46966FA12F4', '2023-08-04 16:06:03', NULL),
	(5227, 0, '3C6266FA12F4', 'C46966FA12F4', '2023-08-04 16:06:06', NULL),
	(5228, 0, '3C6266FA12F4', 'C46966FA12F4', '2023-08-04 16:06:08', NULL),
	(5229, 0, '3C6266FA12F4', 'C46966FA12F4', '2023-08-04 16:06:10', NULL),
	(5230, 0, '3C6266FA12F4', 'C46966FA12F4', '2023-08-04 16:06:13', NULL),
	(5231, 0, '3C6266FA12F4', 'C46966FA12F4', '2023-08-04 16:06:15', NULL),
	(5232, 0, '3C6266FA12F4', 'C46966FA12F4', '2023-08-04 16:06:18', NULL),
	(5233, 0, '3C6266FA12F4', 'C46966FA12F4', '2023-08-04 16:06:20', NULL),
	(5234, 0, '3C6266FA12F4', 'C46966FA12F4', '2023-08-04 16:06:23', NULL),
	(5235, 0, '3C6266FA12F4', 'C46966FA12F4', '2023-08-04 16:06:26', NULL),
	(5236, 0, '3C6266FA12F4', 'C46966FA12F4', '2023-08-04 16:06:28', NULL),
	(5237, 0, '3C6266FA12F4', 'C46966FA12F4', '2023-08-04 16:06:31', NULL),
	(5238, 0, '3C6266FA12F4', 'C46966FA12F4', '2023-08-04 16:06:33', NULL),
	(5239, 0, '3C6266FA12F4', 'C46966FA12F4', '2023-08-04 16:06:36', NULL),
	(5240, 0, '3C6266FA12F4', 'C46966FA12F4', '2023-08-04 16:06:38', NULL),
	(5241, 0, '3C6266FA12F4', 'C46966FA12F4', '2023-08-04 16:06:40', NULL),
	(5242, 0, '3C6266FA12F4', 'C46966FA12F4', '2023-08-04 16:06:43', NULL),
	(5243, 0, '3C6266FA12F4', 'C46966FA12F4', '2023-08-04 16:06:46', NULL),
	(5244, 0, '3C6266FA12F4', 'C46966FA12F4', '2023-08-04 16:06:49', NULL),
	(5245, 0, '3C6266FA12F4', 'C46966FA12F4', '2023-08-04 16:06:51', NULL),
	(5246, 0, '3C6266FA12F4', 'C46966FA12F4', '2023-08-04 16:06:53', NULL),
	(5247, 0, '3C6266FA12F4', 'C46966FA12F4', '2023-08-04 16:06:56', NULL),
	(5248, 0, '3C6266FA12F4', 'C46966FA12F4', '2023-08-04 16:06:58', NULL),
	(5249, 0, '3C6266FA12F4', 'C46966FA12F4', '2023-08-04 16:07:01', NULL),
	(5250, 0, '3C6266FA12F4', 'C46966FA12F4', '2023-08-04 16:07:03', NULL),
	(5251, 0, '3C6266FA12F4', 'C46966FA12F4', '2023-08-04 16:07:05', NULL),
	(5252, 0, '3C6266FA12F4', 'C46966FA12F4', '2023-08-04 16:07:08', NULL),
	(5253, 0, '3C6266FA12F4', 'C46966FA12F4', '2023-08-04 16:07:10', NULL),
	(5254, 0, '3C6266FA12F4', 'C46966FA12F4', '2023-08-04 16:07:14', NULL),
	(5255, 0, '3C6266FA12F4', 'C46966FA12F4', '2023-08-04 16:07:16', NULL),
	(5256, 0, '3C6266FA12F4', 'C46966FA12F4', '2023-08-04 16:07:18', NULL),
	(5257, 0, '3C6266FA12F4', 'C46966FA12F4', '2023-08-04 16:07:21', NULL),
	(5258, 0, '3C6266FA12F4', 'C46966FA12F4', '2023-08-04 16:07:23', NULL),
	(5259, 0, '3C6266FA12F4', 'C46966FA12F4', '2023-08-04 16:07:26', NULL),
	(5260, 0, '3C6266FA12F4', 'C46966FA12F4', '2023-08-04 16:07:28', NULL),
	(5261, 0, '3C6266FA12F4', 'C46966FA12F4', '2023-08-04 16:07:30', NULL),
	(5262, 0, '3C6266FA12F4', 'C46966FA12F4', '2023-08-04 16:07:34', NULL),
	(5263, 0, '3C6266FA12F4', 'C46966FA12F4', '2023-08-04 16:07:36', NULL),
	(5264, 0, '3C6266FA12F4', 'C46966FA12F4', '2023-08-04 16:07:39', NULL),
	(5265, 0, '3C6266FA12F4', 'C46966FA12F4', '2023-08-04 16:07:41', NULL),
	(5266, 0, '3C6266FA12F4', 'C46966FA12F4', '2023-08-04 16:07:43', NULL),
	(5267, 0, '3C6266FA12F4', 'C46966FA12F4', '2023-08-04 16:07:46', NULL),
	(5268, 0, '3C6266FA12F4', 'C46966FA12F4', '2023-08-04 16:07:48', NULL),
	(5269, 0, '3C6266FA12F4', 'C46966FA12F4', '2023-08-04 16:07:51', NULL),
	(5270, 0, '3C6266FA12F4', 'C46966FA12F4', '2023-08-04 16:07:54', NULL),
	(5271, 0, '3C6266FA12F4', 'C46966FA12F4', '2023-08-04 16:07:57', NULL),
	(5272, 0, '3C6266FA12F4', 'C46966FA12F4', '2023-08-04 16:07:59', NULL),
	(5273, 0, '3C6266FA12F4', 'C46966FA12F4', '2023-08-04 16:08:01', NULL),
	(5274, 0, '3C6266FA12F4', 'C46966FA12F4', '2023-08-04 16:08:04', NULL),
	(5275, 0, '3C6266FA12F4', 'C46966FA12F4', '2023-08-04 16:08:06', NULL),
	(5276, 0, '3C6266FA12F4', 'C46966FA12F4', '2023-08-04 16:08:09', NULL),
	(5277, 0, '3C6266FA12F4', 'C46966FA12F4', '2023-08-04 16:08:11', NULL),
	(5278, 0, '3C6266FA12F4', 'C46966FA12F4', '2023-08-04 16:08:13', NULL),
	(5279, 0, '3C6266FA12F4', 'C46966FA12F4', '2023-08-04 16:08:16', NULL),
	(5280, 0, '3C6266FA12F4', 'C46966FA12F4', '2023-08-04 16:08:19', NULL),
	(5281, 0, '3C6266FA12F4', 'C46966FA12F4', '2023-08-04 16:08:22', NULL),
	(5282, 0, '3C6266FA12F4', 'C46966FA12F4', '2023-08-04 16:08:24', NULL),
	(5283, 0, '3C6266FA12F4', 'C46966FA12F4', '2023-08-04 16:08:26', NULL),
	(5284, 0, '3C6266FA12F4', 'C46966FA12F4', '2023-08-04 16:08:29', NULL),
	(5285, 0, '3C6266FA12F4', 'C46966FA12F4', '2023-08-04 16:08:31', NULL),
	(5286, 0, '3C6266FA12F4', 'C46966FA12F4', '2023-08-04 16:08:34', NULL),
	(5287, 0, '3C6266FA12F4', 'C46966FA12F4', '2023-08-04 16:08:36', NULL),
	(5288, 0, '3C6266FA12F4', 'C46966FA12F4', '2023-08-04 16:08:38', NULL),
	(5289, 0, '3C6266FA12F4', 'C46966FA12F4', '2023-08-04 16:08:42', NULL),
	(5290, 0, '3C6266FA12F4', 'C46966FA12F4', '2023-08-04 16:08:44', NULL),
	(5291, 0, '3C6266FA12F4', 'C46966FA12F4', '2023-08-04 16:08:47', NULL),
	(5292, 0, '3C6266FA12F4', 'C46966FA12F4', '2023-08-04 16:08:49', NULL),
	(5293, 0, '3C6266FA12F4', 'C46966FA12F4', '2023-08-04 16:08:51', NULL),
	(5294, 0, '3C6266FA12F4', 'C46966FA12F4', '2023-08-04 16:08:54', NULL),
	(5295, 0, '3C6266FA12F4', 'C46966FA12F4', '2023-08-04 16:08:57', NULL),
	(5296, 0, '3C6266FA12F4', 'C46966FA12F4', '2023-08-04 16:09:00', NULL),
	(5297, 0, '3C6266FA12F4', 'C46966FA12F4', '2023-08-04 16:09:02', NULL),
	(5298, 0, '3C6266FA12F4', 'C46966FA12F4', '2023-08-04 16:09:05', NULL),
	(5299, 0, '3C6266FA12F4', 'C46966FA12F4', '2023-08-04 16:09:07', NULL),
	(5300, 0, '3C6266FA12F4', 'C46966FA12F4', '2023-08-04 16:09:09', NULL),
	(5301, 0, '3C6266FA12F4', 'C46966FA12F4', '2023-08-04 16:09:12', NULL),
	(5302, 0, '3C6266FA12F4', 'C46966FA12F4', '2023-08-04 16:09:15', NULL),
	(5303, 0, '3C6266FA12F4', 'C46966FA12F4', '2023-08-04 16:09:18', NULL),
	(5304, 0, '3C6266FA12F4', 'C46966FA12F4', '2023-08-04 16:09:20', NULL),
	(5305, 0, '3C6266FA12F4', 'C46966FA12F4', '2023-08-04 16:09:22', NULL),
	(5306, 0, '3C6266FA12F4', 'C46966FA12F4', '2023-08-04 16:09:25', NULL),
	(5307, 0, '3C6266FA12F4', 'C46966FA12F4', '2023-08-04 16:09:27', NULL),
	(5308, 0, '3C6266FA12F4', 'C46966FA12F4', '2023-08-04 16:09:30', NULL),
	(5309, 0, '3C6266FA12F4', 'C46966FA12F4', '2023-08-04 16:09:32', NULL),
	(5310, 0, '3C6266FA12F4', 'C46966FA12F4', '2023-08-04 16:09:34', NULL),
	(5311, 0, '3C6266FA12F4', 'C46966FA12F4', '2023-08-04 16:09:37', NULL),
	(5312, 0, '3C6266FA12F4', 'C46966FA12F4', '2023-08-04 16:09:40', NULL),
	(5313, 0, '3C6266FA12F4', 'C46966FA12F4', '2023-08-04 16:09:43', NULL),
	(5314, 0, '3C6266FA12F4', 'C46966FA12F4', '2023-08-04 16:09:45', NULL),
	(5315, 0, '3C6266FA12F4', 'C46966FA12F4', '2023-08-04 16:09:47', NULL),
	(5316, 0, '3C6266FA12F4', 'C46966FA12F4', '2023-08-04 16:09:50', NULL),
	(5317, 0, '3C6266FA12F4', 'C46966FA12F4', '2023-08-04 16:09:52', NULL),
	(5318, 0, '3C6266FA12F4', 'C46966FA12F4', '2023-08-04 16:09:55', NULL),
	(5319, 0, '3C6266FA12F4', 'C46966FA12F4', '2023-08-04 16:09:57', NULL),
	(5320, 0, '3C6266FA12F4', 'C46966FA12F4', '2023-08-04 16:10:01', NULL),
	(5321, 0, '3C6266FA12F4', 'C46966FA12F4', '2023-08-04 16:10:03', NULL),
	(5322, 0, '3C6266FA12F4', 'C46966FA12F4', '2023-08-04 16:10:05', NULL),
	(5323, 0, '3C6266FA12F4', 'C46966FA12F4', '2023-08-04 16:10:08', NULL),
	(5324, 0, '3C6266FA12F4', 'C46966FA12F4', '2023-08-04 16:10:10', NULL),
	(5325, 0, '3C6266FA12F4', 'C46966FA12F4', '2023-08-04 16:10:13', NULL),
	(5326, 0, '3C6266FA12F4', 'C46966FA12F4', '2023-08-04 16:10:15', NULL),
	(5327, 0, '3C6266FA12F4', 'C46966FA12F4', '2023-08-04 16:10:17', NULL),
	(5328, 0, '3C6266FA12F4', 'C46966FA12F4', '2023-08-04 16:10:20', NULL),
	(5329, 0, '3C6266FA12F4', 'C46966FA12F4', '2023-08-04 16:10:23', NULL),
	(5330, 0, '3C6266FA12F4', 'C46966FA12F4', '2023-08-04 16:10:26', NULL),
	(5331, 0, '3C6266FA12F4', 'C46966FA12F4', '2023-08-04 16:10:28', NULL),
	(5332, 0, '3C6266FA12F4', 'C46966FA12F4', '2023-08-04 16:10:30', NULL),
	(5333, 0, '3C6266FA12F4', 'C46966FA12F4', '2023-08-04 16:10:33', NULL),
	(5334, 0, '3C6266FA12F4', 'C46966FA12F4', '2023-08-04 16:10:35', NULL),
	(5335, 0, '3C6266FA12F4', 'C46966FA12F4', '2023-08-04 16:10:38', NULL),
	(5336, 0, '3C6266FA12F4', 'C46966FA12F4', '2023-08-04 16:10:40', NULL),
	(5337, 0, '3C6266FA12F4', 'C46966FA12F4', '2023-08-04 16:10:42', NULL),
	(5338, 0, '3C6266FA12F4', 'C46966FA12F4', '2023-08-04 16:10:46', NULL),
	(5339, 0, '3C6266FA12F4', 'C46966FA12F4', '2023-08-04 16:10:48', NULL),
	(5340, 0, '3C6266FA12F4', 'C46966FA12F4', '2023-08-04 16:10:51', NULL),
	(5341, 0, '3C6266FA12F4', 'C46966FA12F4', '2023-08-04 16:10:53', NULL),
	(5342, 0, '3C6266FA12F4', 'C46966FA12F4', '2023-08-04 16:10:55', NULL),
	(5343, 0, '3C6266FA12F4', 'C46966FA12F4', '2023-08-04 16:10:58', NULL),
	(5344, 0, '3C6266FA12F4', 'C46966FA12F4', '2023-08-04 16:11:00', NULL),
	(5345, 0, '3C6266FA12F4', 'C46966FA12F4', '2023-08-04 16:11:03', NULL),
	(5346, 0, '3C6266FA12F4', 'C46966FA12F4', '2023-08-04 16:11:05', NULL),
	(5347, 0, '3C6266FA12F4', 'C46966FA12F4', '2023-08-04 16:11:07', NULL),
	(5348, 0, '3C6266FA12F4', 'C46966FA12F4', '2023-08-04 16:11:11', NULL),
	(5349, 0, '3C6266FA12F4', 'C46966FA12F4', '2023-08-04 16:11:13', NULL),
	(5350, 0, '3C6266FA12F4', 'C46966FA12F4', '2023-08-04 16:11:16', NULL),
	(5351, 0, '3C6266FA12F4', 'C46966FA12F4', '2023-08-04 16:11:18', NULL),
	(5352, 0, '3C6266FA12F4', 'C46966FA12F4', '2023-08-04 16:11:20', NULL),
	(5353, 0, '3C6266FA12F4', 'C46966FA12F4', '2023-08-04 16:11:23', NULL),
	(5354, 0, '3C6266FA12F4', 'C46966FA12F4', '2023-08-04 16:11:25', NULL),
	(5355, 0, '3C6266FA12F4', 'C46966FA12F4', '2023-08-04 16:11:28', NULL),
	(5356, 0, '3C6266FA12F4', 'C46966FA12F4', '2023-08-04 16:11:30', NULL),
	(5357, 0, '3C6266FA12F4', 'C46966FA12F4', '2023-08-04 16:11:34', NULL),
	(5358, 0, '3C6266FA12F4', 'C46966FA12F4', '2023-08-04 16:11:36', NULL),
	(5359, 0, '3C6266FA12F4', 'C46966FA12F4', '2023-08-04 16:11:38', NULL),
	(5360, 0, '3C6266FA12F4', 'C46966FA12F4', '2023-08-04 16:11:41', NULL),
	(5361, 0, '3C6266FA12F4', 'C46966FA12F4', '2023-08-04 16:11:43', NULL),
	(5362, 0, '3C6266FA12F4', 'C46966FA12F4', '2023-08-04 16:11:46', NULL),
	(5363, 0, '3C6266FA12F4', 'C46966FA12F4', '2023-08-04 16:11:48', NULL),
	(5364, 0, '3C6266FA12F4', 'C46966FA12F4', '2023-08-04 16:11:50', NULL),
	(5365, 0, '3C6266FA12F4', 'C46966FA12F4', '2023-08-04 16:11:53', NULL),
	(5366, 0, '3C6266FA12F4', 'C46966FA12F4', '2023-08-04 16:11:56', NULL),
	(5367, 0, '3C6266FA12F4', 'C46966FA12F4', '2023-08-04 16:11:59', NULL),
	(5368, 0, '3C6266FA12F4', 'C46966FA12F4', '2023-08-04 16:12:01', NULL),
	(5369, 0, '3C6266FA12F4', 'C46966FA12F4', '2023-08-04 16:12:03', NULL),
	(5370, 0, '3C6266FA12F4', 'C46966FA12F4', '2023-08-04 16:12:06', NULL),
	(5371, 0, '3C6266FA12F4', 'C46966FA12F4', '2023-08-04 16:12:08', NULL),
	(5372, 0, '3C6266FA12F4', 'C46966FA12F4', '2023-08-04 16:12:11', NULL),
	(5373, 0, '3C6266FA12F4', 'C46966FA12F4', '2023-08-04 16:12:13', NULL),
	(5374, 0, '3C6266FA12F4', 'C46966FA12F4', '2023-08-04 16:12:15', NULL),
	(5375, 0, '3C6266FA12F4', 'C46966FA12F4', '2023-08-04 16:12:19', NULL),
	(5376, 0, '3C6266FA12F4', 'C46966FA12F4', '2023-08-04 16:12:21', NULL),
	(5377, 0, '3C6266FA12F4', 'C46966FA12F4', '2023-08-04 16:12:24', NULL),
	(5378, 0, '3C6266FA12F4', 'C46966FA12F4', '2023-08-04 16:12:26', NULL),
	(5379, 0, '3C6266FA12F4', 'C46966FA12F4', '2023-08-04 16:12:28', NULL),
	(5380, 0, '3C6266FA12F4', 'C46966FA12F4', '2023-08-04 16:12:31', NULL),
	(5381, 0, '3C6266FA12F4', 'C46966FA12F4', '2023-08-04 16:12:33', NULL),
	(5382, 0, '3C6266FA12F4', 'C46966FA12F4', '2023-08-04 16:12:36', NULL),
	(5383, 0, '3C6266FA12F4', 'C46966FA12F4', '2023-08-04 16:12:38', NULL),
	(5384, 0, '3C6266FA12F4', 'C46966FA12F4', '2023-08-04 16:12:41', NULL),
	(5385, 0, '3C6266FA12F4', 'C46966FA12F4', '2023-08-04 16:12:44', NULL),
	(5386, 0, '3C6266FA12F4', 'C46966FA12F4', '2023-08-04 16:12:46', NULL),
	(5387, 0, '3C6266FA12F4', 'C46966FA12F4', '2023-08-04 16:12:49', NULL),
	(5388, 0, '3C6266FA12F4', 'C46966FA12F4', '2023-08-04 16:12:51', NULL),
	(5389, 0, '3C6266FA12F4', 'C46966FA12F4', '2023-08-04 16:12:54', NULL),
	(5390, 0, '3C6266FA12F4', 'C46966FA12F4', '2023-08-04 16:12:56', NULL),
	(5391, 0, '3C6266FA12F4', 'C46966FA12F4', '2023-08-04 16:12:58', NULL),
	(5392, 0, '3C6266FA12F4', 'C46966FA12F4', '2023-08-04 16:13:01', NULL),
	(5393, 0, '3C6266FA12F4', 'C46966FA12F4', '2023-08-04 16:13:04', NULL),
	(5394, 0, '3C6266FA12F4', 'C46966FA12F4', '2023-08-04 16:13:07', NULL),
	(5395, 0, '3C6266FA12F4', 'C46966FA12F4', '2023-08-04 16:13:09', NULL),
	(5396, 0, '3C6266FA12F4', 'C46966FA12F4', '2023-08-04 16:13:11', NULL),
	(5397, 0, '3C6266FA12F4', 'C46966FA12F4', '2023-08-04 16:13:14', NULL),
	(5398, 0, '3C6266FA12F4', 'C46966FA12F4', '2023-08-04 16:13:16', NULL),
	(5399, 0, '3C6266FA12F4', 'C46966FA12F4', '2023-08-04 16:13:19', NULL),
	(5400, 0, '3C6266FA12F4', 'C46966FA12F4', '2023-08-04 16:13:21', NULL),
	(5401, 0, '3C6266FA12F4', 'C46966FA12F4', '2023-08-04 16:13:23', NULL),
	(5402, 0, '3C6266FA12F4', 'C46966FA12F4', '2023-08-04 16:13:26', NULL),
	(5403, 0, '3C6266FA12F4', 'C46966FA12F4', '2023-08-04 16:13:29', NULL),
	(5404, 0, '3C6266FA12F4', 'C46966FA12F4', '2023-08-04 16:13:31', NULL),
	(5405, 0, '3C6266FA12F4', 'C46966FA12F4', '2023-08-04 16:13:33', NULL),
	(5406, 0, '3C6266FA12F4', 'C46966FA12F4', '2023-08-04 16:13:35', NULL),
	(5407, 0, '3C6266FA12F4', 'C46966FA12F4', '2023-08-04 16:13:37', NULL),
	(5408, 0, '3C6266FA12F4', 'C46966FA12F4', '2023-08-04 16:13:39', NULL),
	(5409, 0, '3C6266FA12F4', 'C46966FA12F4', '2023-08-04 16:13:41', NULL),
	(5410, 0, '3C6266FA12F4', 'C46966FA12F4', '2023-08-04 16:13:43', NULL),
	(5411, 0, '3C6266FA12F4', 'C46966FA12F4', '2023-08-04 16:13:45', NULL),
	(5412, 0, '3C6266FA12F4', 'C46966FA12F4', '2023-08-04 16:13:47', NULL),
	(5413, 0, '3C6266FA12F4', 'C46966FA12F4', '2023-08-04 16:13:49', NULL),
	(5414, 0, '3C6266FA12F4', 'C46966FA12F4', '2023-08-04 16:13:51', NULL),
	(5415, 0, '3C6266FA12F4', 'C46966FA12F4', '2023-08-04 16:13:54', NULL),
	(5416, 0, '3C6266FA12F4', 'C46966FA12F4', '2023-08-04 16:13:57', NULL),
	(5417, 0, '3C6266FA12F4', 'C46966FA12F4', '2023-08-04 16:13:59', NULL),
	(5418, 0, '3C6266FA12F4', 'C46966FA12F4', '2023-08-04 16:14:01', NULL),
	(5419, 0, '3C6266FA12F4', 'C46966FA12F4', '2023-08-04 16:14:03', NULL),
	(5420, 0, '3C6266FA12F4', 'C46966FA12F4', '2023-08-04 16:14:05', NULL),
	(5421, 0, '3C6266FA12F4', 'C46966FA12F4', '2023-08-04 16:14:07', NULL),
	(5422, 0, '3C6266FA12F4', 'C46966FA12F4', '2023-08-04 16:14:09', NULL),
	(5423, 0, '3C6266FA12F4', 'C46966FA12F4', '2023-08-04 16:14:11', NULL),
	(5424, 0, '3C6266FA12F4', 'C46966FA12F4', '2023-08-04 16:14:13', NULL),
	(5425, 0, '3C6266FA12F4', 'C46966FA12F4', '2023-08-04 16:14:17', NULL),
	(5426, 0, '3C6266FA12F4', 'C46966FA12F4', '2023-08-04 16:14:19', NULL),
	(5427, 0, '3C6266FA12F4', 'C46966FA12F4', '2023-08-04 16:14:21', NULL),
	(5428, 0, '3C6266FA12F4', 'C46966FA12F4', '2023-08-04 16:14:23', NULL),
	(5429, 0, '3C6266FA12F4', 'C46966FA12F4', '2023-08-04 16:14:25', NULL),
	(5430, 0, '3C6266FA12F4', 'C46966FA12F4', '2023-08-04 16:14:27', NULL),
	(5431, 0, '3C6266FA12F4', 'C46966FA12F4', '2023-08-04 16:14:29', NULL),
	(5432, 0, '3C6266FA12F4', 'C46966FA12F4', '2023-08-04 16:14:31', NULL),
	(5433, 0, '3C6266FA12F4', 'C46966FA12F4', '2023-08-04 16:14:33', NULL),
	(5434, 0, '3C6266FA12F4', 'C46966FA12F4', '2023-08-04 16:14:35', NULL),
	(5435, 0, '3C6266FA12F4', 'C46966FA12F4', '2023-08-04 16:14:39', NULL),
	(5436, 0, '3C6266FA12F4', 'C46966FA12F4', '2023-08-04 16:14:41', NULL),
	(5437, 0, '3C6266FA12F4', 'C46966FA12F4', '2023-08-04 16:14:43', NULL),
	(5438, 0, '3C6266FA12F4', 'C46966FA12F4', '2023-08-04 16:14:45', NULL),
	(5439, 0, '3C6266FA12F4', 'C46966FA12F4', '2023-08-04 16:14:47', NULL),
	(5440, 0, '3C6266FA12F4', 'C46966FA12F4', '2023-08-04 16:14:49', NULL),
	(5441, 0, '3C6266FA12F4', 'C46966FA12F4', '2023-08-04 16:14:51', NULL),
	(5442, 0, '3C6266FA12F4', 'C46966FA12F4', '2023-08-04 16:14:53', NULL),
	(5443, 0, '3C6266FA12F4', 'C46966FA12F4', '2023-08-04 16:14:55', NULL),
	(5444, 0, '3C6266FA12F4', 'C46966FA12F4', '2023-08-04 16:14:57', NULL),
	(5445, 0, '3C6266FA12F4', 'C46966FA12F4', '2023-08-04 16:15:00', NULL),
	(5446, 0, '3C6266FA12F4', 'C46966FA12F4', '2023-08-04 16:15:03', NULL),
	(5447, 0, '3C6266FA12F4', 'C46966FA12F4', '2023-08-04 16:15:05', NULL),
	(5448, 0, '3C6266FA12F4', 'C46966FA12F4', '2023-08-04 16:15:07', NULL),
	(5449, 0, '3C6266FA12F4', 'C46966FA12F4', '2023-08-04 16:15:09', NULL),
	(5450, 0, '3C6266FA12F4', 'C46966FA12F4', '2023-08-04 16:15:11', NULL),
	(5451, 0, '3C6266FA12F4', 'C46966FA12F4', '2023-08-04 16:15:13', NULL),
	(5452, 0, '3C6266FA12F4', 'C46966FA12F4', '2023-08-04 16:15:15', NULL),
	(5453, 0, '3C6266FA12F4', 'C46966FA12F4', '2023-08-04 16:15:17', NULL),
	(5454, 0, '3C6266FA12F4', 'C46966FA12F4', '2023-08-04 16:15:20', NULL),
	(5455, 0, '3C6266FA12F4', 'C46966FA12F4', '2023-08-04 16:15:22', NULL),
	(5456, 0, '3C6266FA12F4', 'C46966FA12F4', '2023-08-04 16:15:25', NULL),
	(5457, 0, '3C6266FA12F4', 'C46966FA12F4', '2023-08-04 16:15:27', NULL),
	(5458, 0, '3C6266FA12F4', 'C46966FA12F4', '2023-08-04 16:15:29', NULL),
	(5459, 0, '3C6266FA12F4', 'C46966FA12F4', '2023-08-04 16:15:31', NULL),
	(5460, 0, '3C6266FA12F4', 'C46966FA12F4', '2023-08-04 16:15:33', NULL),
	(5461, 0, '3C6266FA12F4', 'C46966FA12F4', '2023-08-04 16:15:35', NULL),
	(5462, 0, '3C6266FA12F4', 'C46966FA12F4', '2023-08-04 16:15:37', NULL),
	(5463, 0, '3C6266FA12F4', 'C46966FA12F4', '2023-08-04 16:15:39', NULL),
	(5464, 0, '3C6266FA12F4', 'C46966FA12F4', '2023-08-04 16:15:42', NULL),
	(5465, 0, '3C6266FA12F4', 'C46966FA12F4', '2023-08-04 16:15:44', NULL),
	(5466, 0, '3C6266FA12F4', 'C46966FA12F4', '2023-08-04 16:15:46', NULL),
	(5467, 0, '3C6266FA12F4', 'C46966FA12F4', '2023-08-04 16:15:49', NULL),
	(5468, 0, '3C6266FA12F4', 'C46966FA12F4', '2023-08-04 16:15:51', NULL),
	(5469, 0, '3C6266FA12F4', 'C46966FA12F4', '2023-08-04 16:15:53', NULL),
	(5470, 0, '3C6266FA12F4', 'C46966FA12F4', '2023-08-04 16:15:55', NULL),
	(5471, 0, '3C6266FA12F4', 'C46966FA12F4', '2023-08-04 16:15:57', NULL),
	(5472, 0, '3C6266FA12F4', 'C46966FA12F4', '2023-08-04 16:15:59', NULL),
	(5473, 0, '3C6266FA12F4', 'C46966FA12F4', '2023-08-04 16:16:02', NULL),
	(5474, 0, '3C6266FA12F4', 'C46966FA12F4', '2023-08-04 16:16:04', NULL),
	(5475, 0, '3C6266FA12F4', 'C46966FA12F4', '2023-08-04 16:16:06', NULL),
	(5476, 0, '3C6266FA12F4', 'C46966FA12F4', '2023-08-04 16:16:08', NULL),
	(5477, 0, '3C6266FA12F4', 'C46966FA12F4', '2023-08-04 16:16:11', NULL),
	(5478, 0, '3C6266FA12F4', 'C46966FA12F4', '2023-08-04 16:16:13', NULL),
	(5479, 0, '3C6266FA12F4', 'C46966FA12F4', '2023-08-04 16:16:15', NULL),
	(5480, 0, '3C6266FA12F4', 'C46966FA12F4', '2023-08-04 16:16:17', NULL),
	(5481, 0, '3C6266FA12F4', 'C46966FA12F4', '2023-08-04 16:16:19', NULL),
	(5482, 0, '3C6266FA12F4', 'C46966FA12F4', '2023-08-04 16:16:21', NULL),
	(5483, 0, '3C6266FA12F4', 'C46966FA12F4', '2023-08-04 16:16:24', NULL),
	(5484, 0, '3C6266FA12F4', 'C46966FA12F4', '2023-08-04 16:16:26', NULL),
	(5485, 0, '3C6266FA12F4', 'C46966FA12F4', '2023-08-04 16:16:28', NULL),
	(5486, 0, '3C6266FA12F4', 'C46966FA12F4', '2023-08-04 16:16:30', NULL),
	(5487, 0, '3C6266FA12F4', 'C46966FA12F4', '2023-08-04 16:16:33', NULL),
	(5488, 0, '3C6266FA12F4', 'C46966FA12F4', '2023-08-04 16:16:35', NULL),
	(5489, 0, '3C6266FA12F4', 'C46966FA12F4', '2023-08-04 16:16:37', NULL),
	(5490, 0, '3C6266FA12F4', 'C46966FA12F4', '2023-08-04 16:16:39', NULL),
	(5491, 0, '3C6266FA12F4', 'C46966FA12F4', '2023-08-04 16:16:41', NULL),
	(5492, 0, '3C6266FA12F4', 'C46966FA12F4', '2023-08-04 16:16:43', NULL),
	(5493, 0, '3C6266FA12F4', 'C46966FA12F4', '2023-08-04 16:16:46', NULL),
	(5494, 0, '3C6266FA12F4', 'C46966FA12F4', '2023-08-04 16:16:48', NULL),
	(5495, 0, '3C6266FA12F4', 'C46966FA12F4', '2023-08-04 16:16:50', NULL),
	(5496, 0, '3C6266FA12F4', 'C46966FA12F4', '2023-08-04 16:16:52', NULL),
	(5497, 0, '3C6266FA12F4', 'C46966FA12F4', '2023-08-04 16:16:54', NULL),
	(5498, 0, '3C6266FA12F4', 'C46966FA12F4', '2023-08-04 16:16:57', NULL),
	(5499, 0, '3C6266FA12F4', 'C46966FA12F4', '2023-08-04 16:16:59', NULL),
	(5500, 0, '3C6266FA12F4', 'C46966FA12F4', '2023-08-04 16:17:01', NULL),
	(5501, 0, '3C6266FA12F4', 'C46966FA12F4', '2023-08-04 16:17:03', NULL),
	(5502, 0, '3C6266FA12F4', 'C46966FA12F4', '2023-08-04 16:17:06', NULL),
	(5503, 0, '3C6266FA12F4', 'C46966FA12F4', '2023-08-04 16:17:08', NULL),
	(5504, 0, '3C6266FA12F4', 'C46966FA12F4', '2023-08-04 16:17:10', NULL),
	(5505, 0, '3C6266FA12F4', 'C46966FA12F4', '2023-08-04 16:17:12', NULL),
	(5506, 0, '3C6266FA12F4', 'C46966FA12F4', '2023-08-04 16:17:14', NULL),
	(5507, 0, '3C6266FA12F4', 'C46966FA12F4', '2023-08-04 16:17:16', NULL),
	(5508, 0, '3C6266FA12F4', 'C46966FA12F4', '2023-08-04 16:17:18', NULL),
	(5509, 0, '3C6266FA12F4', 'C46966FA12F4', '2023-08-04 16:17:21', NULL),
	(5510, 0, '3C6266FA12F4', 'C46966FA12F4', '2023-08-04 16:17:23', NULL),
	(5511, 0, '3C6266FA12F4', 'C46966FA12F4', '2023-08-04 16:17:25', NULL),
	(5512, 0, '3C6266FA12F4', 'C46966FA12F4', '2023-08-04 16:17:28', NULL),
	(5513, 0, '3C6266FA12F4', 'C46966FA12F4', '2023-08-04 16:17:31', NULL),
	(5514, 0, '3C6266FA12F4', 'C46966FA12F4', '2023-08-04 16:17:33', NULL),
	(5515, 0, '3C6266FA12F4', 'C46966FA12F4', '2023-08-04 16:17:35', NULL),
	(5516, 0, '3C6266FA12F4', 'C46966FA12F4', '2023-08-04 16:17:37', NULL),
	(5517, 0, '3C6266FA12F4', 'C46966FA12F4', '2023-08-04 16:17:39', NULL),
	(5518, 0, '3C6266FA12F4', 'C46966FA12F4', '2023-08-04 16:17:41', NULL),
	(5519, 0, '3C6266FA12F4', 'C46966FA12F4', '2023-08-04 16:17:43', NULL),
	(5520, 0, '3C6266FA12F4', 'C46966FA12F4', '2023-08-04 16:17:45', NULL),
	(5521, 0, '3C6266FA12F4', 'C46966FA12F4', '2023-08-04 16:17:48', NULL),
	(5522, 0, '3C6266FA12F4', 'C46966FA12F4', '2023-08-04 16:17:50', NULL),
	(5523, 0, '3C6266FA12F4', 'C46966FA12F4', '2023-08-04 16:17:52', NULL),
	(5524, 0, '3C6266FA12F4', 'C46966FA12F4', '2023-08-04 16:17:54', NULL),
	(5525, 0, '3C6266FA12F4', 'C46966FA12F4', '2023-08-04 16:17:56', NULL),
	(5526, 0, '3C6266FA12F4', 'C46966FA12F4', '2023-08-04 16:17:59', NULL),
	(5527, 0, '3C6266FA12F4', 'C46966FA12F4', '2023-08-04 16:18:01', NULL),
	(5528, 0, '3C6266FA12F4', 'C46966FA12F4', '2023-08-04 16:18:03', NULL),
	(5529, 0, '3C6266FA12F4', 'C46966FA12F4', '2023-08-04 16:18:05', NULL),
	(5530, 0, '3C6266FA12F4', 'C46966FA12F4', '2023-08-04 16:18:07', NULL),
	(5531, 0, '3C6266FA12F4', 'C46966FA12F4', '2023-08-04 16:18:10', NULL),
	(5532, 0, '3C6266FA12F4', 'C46966FA12F4', '2023-08-04 16:18:12', NULL),
	(5533, 0, '3C6266FA12F4', 'C46966FA12F4', '2023-08-04 16:18:14', NULL),
	(5534, 0, '3C6266FA12F4', 'C46966FA12F4', '2023-08-04 16:18:16', NULL),
	(5535, 0, '3C6266FA12F4', 'C46966FA12F4', '2023-08-04 16:18:18', NULL),
	(5536, 0, '3C6266FA12F4', 'C46966FA12F4', '2023-08-04 16:18:20', NULL),
	(5537, 0, '3C6266FA12F4', 'C46966FA12F4', '2023-08-04 16:18:23', NULL),
	(5538, 0, '3C6266FA12F4', 'C46966FA12F4', '2023-08-04 16:18:25', NULL),
	(5539, 0, '3C6266FA12F4', 'C46966FA12F4', '2023-08-04 16:18:27', NULL),
	(5540, 0, '3C6266FA12F4', 'C46966FA12F4', '2023-08-04 16:18:30', NULL),
	(5541, 0, '3C6266FA12F4', 'C46966FA12F4', '2023-08-04 16:18:32', NULL),
	(5542, 0, '3C6266FA12F4', 'C46966FA12F4', '2023-08-04 16:18:35', NULL),
	(5543, 0, '3C6266FA12F4', 'C46966FA12F4', '2023-08-04 16:18:37', NULL),
	(5544, 0, '3C6266FA12F4', 'C46966FA12F4', '2023-08-04 16:18:39', NULL),
	(5545, 0, '3C6266FA12F4', 'C46966FA12F4', '2023-08-04 16:18:41', NULL),
	(5546, 0, '3C6266FA12F4', 'C46966FA12F4', '2023-08-04 16:18:43', NULL),
	(5547, 0, '3C6266FA12F4', 'C46966FA12F4', '2023-08-04 16:18:45', NULL),
	(5548, 0, '3C6266FA12F4', 'C46966FA12F4', '2023-08-04 16:18:47', NULL),
	(5549, 0, '3C6266FA12F4', 'C46966FA12F4', '2023-08-04 16:18:49', NULL),
	(5550, 0, '3C6266FA12F4', 'C46966FA12F4', '2023-08-04 16:18:52', NULL),
	(5551, 0, '3C6266FA12F4', 'C46966FA12F4', '2023-08-04 16:18:54', NULL),
	(5552, 0, '3C6266FA12F4', 'C46966FA12F4', '2023-08-04 16:18:56', NULL),
	(5553, 0, '3C6266FA12F4', 'C46966FA12F4', '2023-08-04 16:18:59', NULL),
	(5554, 0, '3C6266FA12F4', 'C46966FA12F4', '2023-08-04 16:19:01', NULL),
	(5555, 0, '3C6266FA12F4', 'C46966FA12F4', '2023-08-04 16:19:03', NULL),
	(5556, 0, '3C6266FA12F4', 'C46966FA12F4', '2023-08-04 16:19:05', NULL),
	(5557, 0, '3C6266FA12F4', 'C46966FA12F4', '2023-08-04 16:19:07', NULL),
	(5558, 0, '3C6266FA12F4', 'C46966FA12F4', '2023-08-04 16:19:09', NULL),
	(5559, 0, '3C6266FA12F4', 'C46966FA12F4', '2023-08-04 16:19:12', NULL),
	(5560, 0, '3C6266FA12F4', 'C46966FA12F4', '2023-08-04 16:19:14', NULL),
	(5561, 0, '3C6266FA12F4', 'C46966FA12F4', '2023-08-04 16:19:16', NULL),
	(5562, 0, '3C6266FA12F4', 'C46966FA12F4', '2023-08-04 16:19:18', NULL),
	(5563, 0, '3C6266FA12F4', 'C46966FA12F4', '2023-08-04 16:19:20', NULL),
	(5564, 0, '3C6266FA12F4', 'C46966FA12F4', '2023-08-04 16:19:22', NULL),
	(5565, 0, '3C6266FA12F4', 'C46966FA12F4', '2023-08-04 16:19:25', NULL),
	(5566, 0, '3C6266FA12F4', 'C46966FA12F4', '2023-08-04 16:19:27', NULL),
	(5567, 0, '3C6266FA12F4', 'C46966FA12F4', '2023-08-04 16:19:29', NULL),
	(5568, 0, '3C6266FA12F4', 'C46966FA12F4', '2023-08-04 16:19:31', NULL),
	(5569, 0, '3C6266FA12F4', 'C46966FA12F4', '2023-08-04 16:19:34', NULL),
	(5570, 0, '3C6266FA12F4', 'C46966FA12F4', '2023-08-04 16:19:36', NULL),
	(5571, 0, '3C6266FA12F4', 'C46966FA12F4', '2023-08-04 16:19:38', NULL),
	(5572, 0, '3C6266FA12F4', 'C46966FA12F4', '2023-08-04 16:19:40', NULL),
	(5573, 0, '3C6266FA12F4', 'C46966FA12F4', '2023-08-04 16:19:42', NULL),
	(5574, 0, '3C6266FA12F4', 'C46966FA12F4', '2023-08-04 16:19:45', NULL),
	(5575, 0, '3C6266FA12F4', 'C46966FA12F4', '2023-08-04 16:19:47', NULL),
	(5576, 0, '3C6266FA12F4', 'C46966FA12F4', '2023-08-04 16:19:49', NULL),
	(5577, 0, '3C6266FA12F4', 'C46966FA12F4', '2023-08-04 16:19:51', NULL),
	(5578, 0, '3C6266FA12F4', 'C46966FA12F4', '2023-08-04 16:19:53', NULL),
	(5579, 0, '3C6266FA12F4', 'C46966FA12F4', '2023-08-04 16:19:56', NULL),
	(5580, 0, '3C6266FA12F4', 'C46966FA12F4', '2023-08-04 16:19:58', NULL),
	(5581, 0, '3C6266FA12F4', 'C46966FA12F4', '2023-08-04 16:20:00', NULL),
	(5582, 0, '3C6266FA12F4', 'C46966FA12F4', '2023-08-04 16:20:02', NULL),
	(5583, 0, '3C6266FA12F4', 'C46966FA12F4', '2023-08-04 16:20:04', NULL),
	(5584, 0, '3C6266FA12F4', 'C46966FA12F4', '2023-08-04 16:20:06', NULL),
	(5585, 0, '3C6266FA12F4', 'C46966FA12F4', '2023-08-04 16:20:08', NULL),
	(5586, 0, '3C6266FA12F4', 'C46966FA12F4', '2023-08-04 16:20:10', NULL),
	(5587, 0, '3C6266FA12F4', 'C46966FA12F4', '2023-08-04 16:20:13', NULL),
	(5588, 0, '3C6266FA12F4', 'C46966FA12F4', '2023-08-04 16:20:16', NULL),
	(5589, 0, '3C6266FA12F4', 'C46966FA12F4', '2023-08-04 16:20:18', NULL),
	(5590, 0, '3C6266FA12F4', 'C46966FA12F4', '2023-08-04 16:20:20', NULL),
	(5591, 0, '3C6266FA12F4', 'C46966FA12F4', '2023-08-04 16:20:22', NULL),
	(5592, 0, '3C6266FA12F4', 'C46966FA12F4', '2023-08-04 16:20:24', NULL),
	(5593, 0, '3C6266FA12F4', 'C46966FA12F4', '2023-08-04 16:20:26', NULL),
	(5594, 0, '3C6266FA12F4', 'C46966FA12F4', '2023-08-04 16:20:28', NULL),
	(5595, 0, '3C6266FA12F4', 'C46966FA12F4', '2023-08-04 16:20:30', NULL),
	(5596, 0, '3C6266FA12F4', 'C46966FA12F4', '2023-08-04 16:20:32', NULL),
	(5597, 0, '3C6266FA12F4', 'C46966FA12F4', '2023-08-04 16:20:34', NULL),
	(5598, 0, '3C6266FA12F4', 'C46966FA12F4', '2023-08-04 16:20:37', NULL),
	(5599, 0, '3C6266FA12F4', 'C46966FA12F4', '2023-08-04 16:20:40', NULL),
	(5600, 0, '3C6266FA12F4', 'C46966FA12F4', '2023-08-04 16:20:42', NULL),
	(5601, 0, '3C6266FA12F4', 'C46966FA12F4', '2023-08-04 16:20:44', NULL),
	(5602, 0, '3C6266FA12F4', 'C46966FA12F4', '2023-08-04 16:20:46', NULL),
	(5603, 0, '3C6266FA12F4', 'C46966FA12F4', '2023-08-04 16:20:48', NULL),
	(5604, 0, '3C6266FA12F4', 'C46966FA12F4', '2023-08-04 16:20:50', NULL),
	(5605, 0, '3C6266FA12F4', 'C46966FA12F4', '2023-08-04 16:20:52', NULL),
	(5606, 0, '3C6266FA12F4', 'C46966FA12F4', '2023-08-04 16:20:54', NULL),
	(5607, 0, '3C6266FA12F4', 'C46966FA12F4', '2023-08-04 16:20:56', NULL),
	(5608, 0, '3C6266FA12F4', 'C46966FA12F4', '2023-08-04 16:20:59', NULL),
	(5609, 0, '3C6266FA12F4', 'C46966FA12F4', '2023-08-04 16:21:01', NULL),
	(5610, 0, '3C6266FA12F4', 'C46966FA12F4', '2023-08-04 16:21:03', NULL),
	(5611, 0, '3C6266FA12F4', 'C46966FA12F4', '2023-08-04 16:21:06', NULL),
	(5612, 0, '3C6266FA12F4', 'C46966FA12F4', '2023-08-04 16:21:08', NULL),
	(5613, 0, '3C6266FA12F4', 'C46966FA12F4', '2023-08-04 16:21:10', NULL),
	(5614, 0, '3C6266FA12F4', 'C46966FA12F4', '2023-08-04 16:21:12', NULL),
	(5615, 0, '3C6266FA12F4', 'C46966FA12F4', '2023-08-04 16:21:14', NULL),
	(5616, 0, '3C6266FA12F4', 'C46966FA12F4', '2023-08-04 16:21:16', NULL),
	(5617, 0, '3C6266FA12F4', 'C46966FA12F4', '2023-08-04 16:21:19', NULL),
	(5618, 0, '3C6266FA12F4', 'C46966FA12F4', '2023-08-04 16:21:21', NULL),
	(5619, 0, '3C6266FA12F4', 'C46966FA12F4', '2023-08-04 16:21:23', NULL),
	(5620, 0, '3C6266FA12F4', 'C46966FA12F4', '2023-08-04 16:21:26', NULL),
	(5621, 0, '3C6266FA12F4', 'C46966FA12F4', '2023-08-04 16:21:28', NULL),
	(5622, 0, '3C6266FA12F4', 'C46966FA12F4', '2023-08-04 16:21:30', NULL),
	(5623, 0, '3C6266FA12F4', 'C46966FA12F4', '2023-08-04 16:21:32', NULL),
	(5624, 0, '3C6266FA12F4', 'C46966FA12F4', '2023-08-04 16:21:34', NULL),
	(5625, 0, '3C6266FA12F4', 'C46966FA12F4', '2023-08-04 16:21:36', NULL),
	(5626, 0, '3C6266FA12F4', 'C46966FA12F4', '2023-08-04 16:21:38', NULL),
	(5627, 0, '3C6266FA12F4', 'C46966FA12F4', '2023-08-04 16:21:41', NULL),
	(5628, 0, '3C6266FA12F4', 'C46966FA12F4', '2023-08-04 16:21:43', NULL),
	(5629, 0, '3C6266FA12F4', 'C46966FA12F4', '2023-08-04 16:21:45', NULL),
	(5630, 0, '3C6266FA12F4', 'C46966FA12F4', '2023-08-04 16:21:47', NULL),
	(5631, 0, '3C6266FA12F4', 'C46966FA12F4', '2023-08-04 16:21:49', NULL),
	(5632, 0, '3C6266FA12F4', 'C46966FA12F4', '2023-08-04 16:21:51', NULL),
	(5633, 0, '3C6266FA12F4', 'C46966FA12F4', '2023-08-04 16:21:53', NULL),
	(5634, 0, '3C6266FA12F4', 'C46966FA12F4', '2023-08-04 16:21:56', NULL),
	(5635, 0, '3C6266FA12F4', 'C46966FA12F4', '2023-08-04 16:21:58', NULL),
	(5636, 0, '3C6266FA12F4', 'C46966FA12F4', '2023-08-04 16:22:01', NULL),
	(5637, 0, '3C6266FA12F4', 'C46966FA12F4', '2023-08-04 16:22:03', NULL),
	(5638, 0, '3C6266FA12F4', 'C46966FA12F4', '2023-08-04 16:22:05', NULL),
	(5639, 0, '3C6266FA12F4', 'C46966FA12F4', '2023-08-04 16:22:07', NULL),
	(5640, 0, '3C6266FA12F4', 'C46966FA12F4', '2023-08-04 16:22:09', NULL),
	(5641, 0, '3C6266FA12F4', 'C46966FA12F4', '2023-08-04 16:22:11', NULL),
	(5642, 0, '3C6266FA12F4', 'C46966FA12F4', '2023-08-04 16:22:13', NULL),
	(5643, 0, '3C6266FA12F4', 'C46966FA12F4', '2023-08-04 16:22:15', NULL),
	(5644, 0, '3C6266FA12F4', 'C46966FA12F4', '2023-08-04 16:22:17', NULL),
	(5645, 0, '3C6266FA12F4', 'C46966FA12F4', '2023-08-04 16:22:20', NULL),
	(5646, 0, '3C6266FA12F4', 'C46966FA12F4', '2023-08-04 16:22:23', NULL),
	(5647, 0, '3C6266FA12F4', 'C46966FA12F4', '2023-08-04 16:22:25', NULL),
	(5648, 0, '3C6266FA12F4', 'C46966FA12F4', '2023-08-04 16:22:27', NULL),
	(5649, 0, '3C6266FA12F4', 'C46966FA12F4', '2023-08-04 16:22:29', NULL),
	(5650, 0, '3C6266FA12F4', 'C46966FA12F4', '2023-08-04 16:22:31', NULL),
	(5651, 0, '3C6266FA12F4', 'C46966FA12F4', '2023-08-04 16:22:33', NULL),
	(5652, 0, '3C6266FA12F4', 'C46966FA12F4', '2023-08-04 16:22:35', NULL),
	(5653, 0, '3C6266FA12F4', 'C46966FA12F4', '2023-08-04 16:22:37', NULL),
	(5654, 0, '3C6266FA12F4', 'C46966FA12F4', '2023-08-04 16:22:39', NULL),
	(5655, 0, '3C6266FA12F4', 'C46966FA12F4', '2023-08-04 16:22:41', NULL),
	(5656, 0, '3C6266FA12F4', 'C46966FA12F4', '2023-08-04 16:22:45', NULL),
	(5657, 0, '3C6266FA12F4', 'C46966FA12F4', '2023-08-04 16:22:47', NULL),
	(5658, 0, '3C6266FA12F4', 'C46966FA12F4', '2023-08-04 16:22:49', NULL),
	(5659, 0, '3C6266FA12F4', 'C46966FA12F4', '2023-08-04 16:22:51', NULL),
	(5660, 0, '3C6266FA12F4', 'C46966FA12F4', '2023-08-04 16:22:53', NULL),
	(5661, 0, '3C6266FA12F4', 'C46966FA12F4', '2023-08-04 16:22:55', NULL),
	(5662, 0, '3C6266FA12F4', 'C46966FA12F4', '2023-08-04 16:22:57', NULL),
	(5663, 0, '3C6266FA12F4', 'C46966FA12F4', '2023-08-04 16:22:59', NULL),
	(5664, 0, '3C6266FA12F4', 'C46966FA12F4', '2023-08-04 16:23:01', NULL),
	(5665, 0, '3C6266FA12F4', 'C46966FA12F4', '2023-08-04 16:23:04', NULL),
	(5666, 0, '3C6266FA12F4', 'C46966FA12F4', '2023-08-04 16:23:06', NULL),
	(5667, 0, '3C6266FA12F4', 'C46966FA12F4', '2023-08-04 16:23:08', NULL),
	(5668, 0, '3C6266FA12F4', 'C46966FA12F4', '2023-08-04 16:23:10', NULL),
	(5669, 0, '3C6266FA12F4', 'C46966FA12F4', '2023-08-04 16:23:13', NULL),
	(5670, 0, '3C6266FA12F4', 'C46966FA12F4', '2023-08-04 16:23:15', NULL),
	(5671, 0, '3C6266FA12F4', 'C46966FA12F4', '2023-08-04 16:23:17', NULL),
	(5672, 0, '3C6266FA12F4', 'C46966FA12F4', '2023-08-04 16:23:19', NULL),
	(5673, 0, '3C6266FA12F4', 'C46966FA12F4', '2023-08-04 16:23:21', NULL),
	(5674, 0, '3C6266FA12F4', 'C46966FA12F4', '2023-08-04 16:23:23', NULL),
	(5675, 0, '3C6266FA12F4', 'C46966FA12F4', '2023-08-04 16:23:26', NULL),
	(5676, 0, '3C6266FA12F4', 'C46966FA12F4', '2023-08-04 16:23:28', NULL),
	(5677, 0, '3C6266FA12F4', 'C46966FA12F4', '2023-08-04 16:23:30', NULL),
	(5678, 0, '3C6266FA12F4', 'C46966FA12F4', '2023-08-04 16:23:32', NULL),
	(5679, 0, '3C6266FA12F4', 'C46966FA12F4', '2023-08-04 16:23:34', NULL),
	(5680, 0, '3C6266FA12F4', 'C46966FA12F4', '2023-08-04 16:23:36', NULL),
	(5681, 0, '3C6266FA12F4', 'C46966FA12F4', '2023-08-04 16:23:39', NULL),
	(5682, 0, '3C6266FA12F4', 'C46966FA12F4', '2023-08-04 16:23:41', NULL),
	(5683, 0, '3C6266FA12F4', 'C46966FA12F4', '2023-08-04 16:23:43', NULL),
	(5684, 0, '3C6266FA12F4', 'C46966FA12F4', '2023-08-04 16:23:45', NULL),
	(5685, 0, '3C6266FA12F4', 'C46966FA12F4', '2023-08-04 16:23:48', NULL),
	(5686, 0, '3C6266FA12F4', 'C46966FA12F4', '2023-08-04 16:23:50', NULL),
	(5687, 0, '3C6266FA12F4', 'C46966FA12F4', '2023-08-04 16:23:52', NULL),
	(5688, 0, '3C6266FA12F4', 'C46966FA12F4', '2023-08-04 16:23:54', NULL),
	(5689, 0, '3C6266FA12F4', 'C46966FA12F4', '2023-08-04 16:23:56', NULL),
	(5690, 0, '3C6266FA12F4', 'C46966FA12F4', '2023-08-04 16:23:58', NULL),
	(5691, 0, '3C6266FA12F4', 'C46966FA12F4', '2023-08-04 16:24:01', NULL),
	(5692, 0, '3C6266FA12F4', 'C46966FA12F4', '2023-08-04 16:24:03', NULL),
	(5693, 0, '3C6266FA12F4', 'C46966FA12F4', '2023-08-04 16:24:05', NULL),
	(5694, 0, '3C6266FA12F4', 'C46966FA12F4', '2023-08-04 16:24:08', NULL),
	(5695, 0, '3C6266FA12F4', 'C46966FA12F4', '2023-08-04 16:24:10', NULL),
	(5696, 0, '3C6266FA12F4', 'C46966FA12F4', '2023-08-04 16:24:12', NULL),
	(5697, 0, '3C6266FA12F4', 'C46966FA12F4', '2023-08-04 16:24:14', NULL),
	(5698, 0, '3C6266FA12F4', 'C46966FA12F4', '2023-08-04 16:24:16', NULL),
	(5699, 0, '3C6266FA12F4', 'C46966FA12F4', '2023-08-04 16:24:18', NULL),
	(5700, 0, '3C6266FA12F4', 'C46966FA12F4', '2023-08-04 16:24:20', NULL),
	(5701, 0, '3C6266FA12F4', 'C46966FA12F4', '2023-08-04 16:24:22', NULL),
	(5702, 0, '3C6266FA12F4', 'C46966FA12F4', '2023-08-04 16:24:25', NULL),
	(5703, 0, '3C6266FA12F4', 'C46966FA12F4', '2023-08-04 16:24:27', NULL),
	(5704, 0, '3C6266FA12F4', 'C46966FA12F4', '2023-08-04 16:24:30', NULL),
	(5705, 0, '3C6266FA12F4', 'C46966FA12F4', '2023-08-04 16:24:32', NULL),
	(5706, 0, '3C6266FA12F4', 'C46966FA12F4', '2023-08-04 16:24:34', NULL),
	(5707, 0, '3C6266FA12F4', 'C46966FA12F4', '2023-08-04 16:24:36', NULL),
	(5708, 0, '3C6266FA12F4', 'C46966FA12F4', '2023-08-04 16:24:38', NULL),
	(5709, 0, '3C6266FA12F4', 'C46966FA12F4', '2023-08-04 16:24:40', NULL),
	(5710, 0, '3C6266FA12F4', 'C46966FA12F4', '2023-08-04 16:24:42', NULL),
	(5711, 0, '3C6266FA12F4', 'C46966FA12F4', '2023-08-04 16:24:44', NULL),
	(5712, 0, '3C6266FA12F4', 'C46966FA12F4', '2023-08-04 16:24:47', NULL),
	(5713, 0, '3C6266FA12F4', 'C46966FA12F4', '2023-08-04 16:24:50', NULL),
	(5714, 0, '3C6266FA12F4', 'C46966FA12F4', '2023-08-04 16:24:52', NULL),
	(5715, 0, '3C6266FA12F4', 'C46966FA12F4', '2023-08-04 16:24:54', NULL),
	(5716, 0, '3C6266FA12F4', 'C46966FA12F4', '2023-08-04 16:24:56', NULL),
	(5717, 0, '3C6266FA12F4', 'C46966FA12F4', '2023-08-04 16:24:58', NULL),
	(5718, 0, '3C6266FA12F4', 'C46966FA12F4', '2023-08-04 16:25:00', NULL),
	(5719, 0, '3C6266FA12F4', 'C46966FA12F4', '2023-08-04 16:25:02', NULL),
	(5720, 0, '3C6266FA12F4', 'C46966FA12F4', '2023-08-04 16:25:04', NULL),
	(5721, 0, '3C6266FA12F4', 'C46966FA12F4', '2023-08-04 16:25:06', NULL),
	(5722, 0, '3C6266FA12F4', 'C46966FA12F4', '2023-08-04 16:25:08', NULL),
	(5723, 0, '3C6266FA12F4', 'C46966FA12F4', '2023-08-04 16:25:11', NULL),
	(5724, 0, '3C6266FA12F4', 'C46966FA12F4', '2023-08-04 16:25:14', NULL),
	(5725, 0, '3C6266FA12F4', 'C46966FA12F4', '2023-08-04 16:25:16', NULL),
	(5726, 0, '3C6266FA12F4', 'C46966FA12F4', '2023-08-04 16:25:18', NULL),
	(5727, 0, '3C6266FA12F4', 'C46966FA12F4', '2023-08-04 16:25:20', NULL),
	(5728, 0, '3C6266FA12F4', 'C46966FA12F4', '2023-08-04 16:25:22', NULL),
	(5729, 0, '3C6266FA12F4', 'C46966FA12F4', '2023-08-04 16:25:24', NULL),
	(5730, 0, '3C6266FA12F4', 'C46966FA12F4', '2023-08-04 16:25:26', NULL),
	(5731, 0, '3C6266FA12F4', 'C46966FA12F4', '2023-08-04 16:25:28', NULL),
	(5732, 0, '3C6266FA12F4', 'C46966FA12F4', '2023-08-04 16:25:30', NULL),
	(5733, 0, '3C6266FA12F4', 'C46966FA12F4', '2023-08-04 16:25:33', NULL),
	(5734, 0, '3C6266FA12F4', 'C46966FA12F4', '2023-08-04 16:25:35', NULL),
	(5735, 0, '3C6266FA12F4', 'C46966FA12F4', '2023-08-04 16:25:38', NULL),
	(5736, 0, '3C6266FA12F4', 'C46966FA12F4', '2023-08-04 16:25:40', NULL),
	(5737, 0, '3C6266FA12F4', 'C46966FA12F4', '2023-08-04 16:25:42', NULL),
	(5738, 0, '3C6266FA12F4', 'C46966FA12F4', '2023-08-04 16:25:44', NULL),
	(5739, 0, '3C6266FA12F4', 'C46966FA12F4', '2023-08-04 16:25:46', NULL),
	(5740, 0, '3C6266FA12F4', 'C46966FA12F4', '2023-08-04 16:25:48', NULL),
	(5741, 0, '3C6266FA12F4', 'C46966FA12F4', '2023-08-04 16:25:50', NULL),
	(5742, 0, '3C6266FA12F4', 'C46966FA12F4', '2023-08-04 16:25:53', NULL),
	(5743, 0, '3C6266FA12F4', 'C46966FA12F4', '2023-08-04 16:25:55', NULL),
	(5744, 0, '3C6266FA12F4', 'C46966FA12F4', '2023-08-04 16:25:57', NULL),
	(5745, 0, '3C6266FA12F4', 'C46966FA12F4', '2023-08-04 16:25:59', NULL),
	(5746, 0, '3C6266FA12F4', 'C46966FA12F4', '2023-08-04 16:26:01', NULL),
	(5747, 0, '3C6266FA12F4', 'C46966FA12F4', '2023-08-04 16:26:03', NULL),
	(5748, 0, '3C6266FA12F4', 'C46966FA12F4', '2023-08-04 16:26:06', NULL),
	(5749, 0, '3C6266FA12F4', 'C46966FA12F4', '2023-08-04 16:26:08', NULL),
	(5750, 0, '3C6266FA12F4', 'C46966FA12F4', '2023-08-04 18:05:02', NULL),
	(5751, 0, '3C6266FA12F4', 'C46966FA12F4', '2023-08-04 18:05:14', NULL),
	(5752, 0, '3C6266FA12F4', 'C46966FA12F4', '2023-08-04 18:05:16', NULL),
	(5753, 0, '3C6266FA12F4', 'C46966FA12F4', '2023-08-04 18:05:19', NULL),
	(5754, 0, '3C6266FA12F4', 'C46966FA12F4', '2023-08-04 18:05:21', NULL),
	(5755, 0, '3C6266FA12F4', 'C46966FA12F4', '2023-08-04 18:05:33', NULL),
	(5756, 0, '3C6266FA12F4', 'C46966FA12F4', '2023-08-04 18:05:35', NULL),
	(5757, 0, '3C6266FA12F4', 'C46966FA12F4', '2023-08-04 18:05:37', NULL),
	(5758, 0, '3C6266FA12F4', 'C46966FA12F4', '2023-08-04 18:05:39', NULL),
	(5759, 0, '3C6266FA12F4', 'C46966FA12F4', '2023-08-04 18:05:41', NULL),
	(5760, 0, '3C6266FA12F4', 'C46966FA12F4', '2023-08-04 18:05:43', NULL),
	(5761, 0, '3C6266FA12F4', 'C46966FA12F4', '2023-08-04 18:05:55', NULL),
	(5762, 0, '3C6266FA12F4', 'C46966FA12F4', '2023-08-04 18:05:57', NULL),
	(5763, 0, '3C6266FA12F4', 'C46966FA12F4', '2023-08-04 18:06:00', NULL),
	(5764, 0, '3C6266FA12F4', 'C46966FA12F4', '2023-08-04 18:06:02', NULL),
	(5765, 0, '3C6266FA12F4', 'C46966FA12F4', '2023-08-04 18:06:04', NULL),
	(5766, 0, '3C6266FA12F4', 'C46966FA12F4', '2023-08-04 18:06:16', NULL),
	(5767, 0, '3C6266FA12F4', 'C46966FA12F4', '2023-08-04 18:06:18', NULL),
	(5768, 0, '3C6266FA12F4', 'C46966FA12F4', '2023-08-04 18:06:20', NULL),
	(5769, 0, '3C6266FA12F4', 'C46966FA12F4', '2023-08-04 18:06:22', NULL),
	(5770, 0, '3C6266FA12F4', 'C46966FA12F4', '2023-08-04 18:06:24', NULL),
	(5771, 0, '3C6266FA12F4', 'C46966FA12F4', '2023-08-04 18:06:36', NULL),
	(5772, 0, '3C6266FA12F4', 'C46966FA12F4', '2023-08-04 18:06:38', NULL),
	(5773, 0, '3C6266FA12F4', 'C46966FA12F4', '2023-08-04 18:06:40', NULL),
	(5774, 0, '3C6266FA12F4', 'C46966FA12F4', '2023-08-04 18:06:43', NULL),
	(5775, 0, '3C6266FA12F4', 'C46966FA12F4', '2023-08-04 18:06:45', NULL),
	(5776, 0, '3C6266FA12F4', 'C46966FA12F4', '2023-08-04 18:06:47', NULL),
	(5777, 0, '3C6266FA12F4', 'C46966FA12F4', '2023-08-04 18:06:59', NULL),
	(5778, 0, '3C6266FA12F4', 'C46966FA12F4', '2023-08-04 18:07:01', NULL),
	(5779, 0, '3C6266FA12F4', 'C46966FA12F4', '2023-08-04 18:07:03', NULL),
	(5780, 0, '3C6266FA12F4', 'C46966FA12F4', '2023-08-04 18:07:05', NULL),
	(5781, 0, '3C6266FA12F4', 'C46966FA12F4', '2023-08-04 18:07:07', NULL),
	(5782, 0, '3C6266FA12F4', 'C46966FA12F4', '2023-08-04 18:07:19', NULL),
	(5783, 0, '3C6266FA12F4', 'C46966FA12F4', '2023-08-04 18:07:22', NULL),
	(5784, 0, '3C6266FA12F4', 'C46966FA12F4', '2023-08-04 18:07:24', NULL),
	(5785, 0, '3C6266FA12F4', 'C46966FA12F4', '2023-08-04 18:07:26', NULL),
	(5786, 0, '3C6266FA12F4', 'C46966FA12F4', '2023-08-04 18:07:28', NULL),
	(5787, 0, '3C6266FA12F4', 'C46966FA12F4', '2023-08-04 18:07:40', NULL),
	(5788, 0, '3C6266FA12F4', 'C46966FA12F4', '2023-08-04 18:07:42', NULL),
	(5789, 0, '3C6266FA12F4', 'C46966FA12F4', '2023-08-04 18:07:44', NULL),
	(5790, 0, '3C6266FA12F4', 'C46966FA12F4', '2023-08-04 18:07:46', NULL),
	(5791, 0, '3C6266FA12F4', 'C46966FA12F4', '2023-08-04 18:07:48', NULL),
	(5792, 0, '3C6266FA12F4', 'C46966FA12F4', '2023-08-04 18:08:01', NULL),
	(5793, 0, '3C6266FA12F4', 'C46966FA12F4', '2023-08-04 18:08:03', NULL),
	(5794, 0, '3C6266FA12F4', 'C46966FA12F4', '2023-08-04 18:08:05', NULL),
	(5795, 0, '3C6266FA12F4', 'C46966FA12F4', '2023-08-04 18:08:07', NULL),
	(5796, 0, '3C6266FA12F4', 'C46966FA12F4', '2023-08-04 18:08:09', NULL),
	(5797, 0, '3C6266FA12F4', 'C46966FA12F4', '2023-08-04 18:08:21', NULL),
	(5798, 0, '3C6266FA12F4', 'C46966FA12F4', '2023-08-04 18:08:24', NULL),
	(5799, 0, '3C6266FA12F4', 'C46966FA12F4', '2023-08-04 18:08:26', NULL),
	(5800, 0, '3C6266FA12F4', 'C46966FA12F4', '2023-08-04 18:08:28', NULL),
	(5801, 0, '3C6266FA12F4', 'C46966FA12F4', '2023-08-04 18:08:30', NULL),
	(5802, 0, '3C6266FA12F4', 'C46966FA12F4', '2023-08-04 18:08:32', NULL),
	(5803, 0, '3C6266FA12F4', 'C46966FA12F4', '2023-08-04 18:08:44', NULL),
	(5804, 0, '3C6266FA12F4', 'C46966FA12F4', '2023-08-04 18:08:46', NULL),
	(5805, 0, '3C6266FA12F4', 'C46966FA12F4', '2023-08-04 18:08:48', NULL),
	(5806, 0, '3C6266FA12F4', 'C46966FA12F4', '2023-08-04 18:08:50', NULL),
	(5807, 0, '3C6266FA12F4', 'C46966FA12F4', '2023-08-04 18:08:53', NULL),
	(5808, 0, '3C6266FA12F4', 'C46966FA12F4', '2023-08-04 18:09:05', NULL),
	(5809, 0, '3C6266FA12F4', 'C46966FA12F4', '2023-08-04 18:09:07', NULL),
	(5810, 0, '3C6266FA12F4', 'C46966FA12F4', '2023-08-04 18:09:09', NULL),
	(5811, 0, '3C6266FA12F4', 'C46966FA12F4', '2023-08-04 18:09:11', NULL),
	(5812, 0, '3C6266FA12F4', 'C46966FA12F4', '2023-08-04 18:09:13', NULL),
	(5813, 0, '3C6266FA12F4', 'C46966FA12F4', '2023-08-04 18:09:25', NULL),
	(5814, 0, '3C6266FA12F4', 'C46966FA12F4', '2023-08-04 18:09:27', NULL),
	(5815, 0, '3C6266FA12F4', 'C46966FA12F4', '2023-08-04 18:09:29', NULL),
	(5816, 0, '3C6266FA12F4', 'C46966FA12F4', '2023-08-04 18:09:31', NULL),
	(5817, 0, '3C6266FA12F4', 'C46966FA12F4', '2023-08-04 18:09:33', NULL),
	(5818, 0, '3C6266FA12F4', 'C46966FA12F4', '2023-08-04 18:09:36', NULL),
	(5819, 0, '3C6266FA12F4', 'C46966FA12F4', '2023-08-04 18:09:48', NULL),
	(5820, 0, '3C6266FA12F4', 'C46966FA12F4', '2023-08-04 18:09:50', NULL),
	(5821, 0, '3C6266FA12F4', 'C46966FA12F4', '2023-08-04 18:09:52', NULL),
	(5822, 0, '3C6266FA12F4', 'C46966FA12F4', '2023-08-04 18:09:54', NULL),
	(5823, 0, '3C6266FA12F4', 'C46966FA12F4', '2023-08-04 18:09:56', NULL),
	(5824, 0, '3C6266FA12F4', 'C46966FA12F4', '2023-08-04 18:10:08', NULL),
	(5825, 0, '3C6266FA12F4', 'C46966FA12F4', '2023-08-04 18:10:10', NULL),
	(5826, 0, '3C6266FA12F4', 'C46966FA12F4', '2023-08-04 18:10:12', NULL),
	(5827, 0, '3C6266FA12F4', 'C46966FA12F4', '2023-08-04 18:10:14', NULL),
	(5828, 0, '3C6266FA12F4', 'C46966FA12F4', '2023-08-04 18:10:17', NULL),
	(5829, 0, '3C6266FA12F4', 'C46966FA12F4', '2023-08-04 18:10:29', NULL),
	(5830, 0, '3C6266FA12F4', 'C46966FA12F4', '2023-08-04 18:10:31', NULL),
	(5831, 0, '3C6266FA12F4', 'C46966FA12F4', '2023-08-04 18:10:33', NULL),
	(5832, 0, '3C6266FA12F4', 'C46966FA12F4', '2023-08-04 18:10:35', NULL),
	(5833, 0, '3C6266FA12F4', 'C46966FA12F4', '2023-08-04 18:10:37', NULL),
	(5834, 0, '3C6266FA12F4', 'C46966FA12F4', '2023-08-04 18:10:49', NULL),
	(5835, 0, '3C6266FA12F4', 'C46966FA12F4', '2023-08-04 18:10:51', NULL),
	(5836, 0, '3C6266FA12F4', 'C46966FA12F4', '2023-08-04 18:10:53', NULL),
	(5837, 0, '3C6266FA12F4', 'C46966FA12F4', '2023-08-04 18:10:56', NULL),
	(5838, 0, '3C6266FA12F4', 'C46966FA12F4', '2023-08-04 18:10:58', NULL),
	(5839, 0, '3C6266FA12F4', 'C46966FA12F4', '2023-08-04 18:11:00', NULL),
	(5840, 0, '3C6266FA12F4', 'C46966FA12F4', '2023-08-04 18:11:12', NULL),
	(5841, 0, '3C6266FA12F4', 'C46966FA12F4', '2023-08-04 18:11:14', NULL),
	(5842, 0, '3C6266FA12F4', 'C46966FA12F4', '2023-08-04 18:11:16', NULL),
	(5843, 0, '3C6266FA12F4', 'C46966FA12F4', '2023-08-04 18:11:18', NULL),
	(5844, 0, '3C6266FA12F4', 'C46966FA12F4', '2023-08-04 18:11:20', NULL),
	(5845, 0, '3C6266FA12F4', 'C46966FA12F4', '2023-08-04 18:11:32', NULL),
	(5846, 0, '3C6266FA12F4', 'C46966FA12F4', '2023-08-04 18:11:34', NULL),
	(5847, 0, '3C6266FA12F4', 'C46966FA12F4', '2023-08-04 18:11:36', NULL),
	(5848, 0, '3C6266FA12F4', 'C46966FA12F4', '2023-08-04 18:11:38', NULL),
	(5849, 0, '3C6266FA12F4', 'C46966FA12F4', '2023-08-04 18:11:40', NULL),
	(5850, 0, '3C6266FA12F4', 'C46966FA12F4', '2023-08-04 18:11:53', NULL),
	(5851, 0, '3C6266FA12F4', 'C46966FA12F4', '2023-08-04 18:11:55', NULL),
	(5852, 0, '3C6266FA12F4', 'C46966FA12F4', '2023-08-04 18:11:57', NULL),
	(5853, 0, '3C6266FA12F4', 'C46966FA12F4', '2023-08-04 18:11:59', NULL),
	(5854, 0, '3C6266FA12F4', 'C46966FA12F4', '2023-08-04 18:12:01', NULL),
	(5855, 0, '3C6266FA12F4', 'C46966FA12F4', '2023-08-04 18:12:03', NULL),
	(5856, 0, '3C6266FA12F4', 'C46966FA12F4', '2023-08-04 18:12:15', NULL),
	(5857, 0, '3C6266FA12F4', 'C46966FA12F4', '2023-08-04 18:12:17', NULL),
	(5858, 0, '3C6266FA12F4', 'C46966FA12F4', '2023-08-04 18:12:19', NULL),
	(5859, 0, '3C6266FA12F4', 'C46966FA12F4', '2023-08-04 18:12:21', NULL),
	(5860, 0, '3C6266FA12F4', 'C46966FA12F4', '2023-08-04 18:12:23', NULL),
	(5861, 0, '3C6266FA12F4', 'C46966FA12F4', '2023-08-04 18:12:36', NULL),
	(5862, 0, '3C6266FA12F4', 'C46966FA12F4', '2023-08-04 18:12:38', NULL),
	(5863, 0, '3C6266FA12F4', 'C46966FA12F4', '2023-08-04 18:12:40', NULL),
	(5864, 0, '3C6266FA12F4', 'C46966FA12F4', '2023-08-04 18:12:42', NULL),
	(5865, 0, '3C6266FA12F4', 'C46966FA12F4', '2023-08-04 18:12:44', NULL),
	(5866, 0, '3C6266FA12F4', 'C46966FA12F4', '2023-08-04 18:12:56', NULL),
	(5867, 0, '3C6266FA12F4', 'C46966FA12F4', '2023-08-04 18:12:58', NULL),
	(5868, 0, '3C6266FA12F4', 'C46966FA12F4', '2023-08-04 18:13:00', NULL),
	(5869, 0, '3C6266FA12F4', 'C46966FA12F4', '2023-08-04 18:13:02', NULL),
	(5870, 0, '3C6266FA12F4', 'C46966FA12F4', '2023-08-04 18:13:04', NULL),
	(5871, 0, '3C6266FA12F4', 'C46966FA12F4', '2023-08-04 18:13:06', NULL),
	(5872, 0, '3C6266FA12F4', 'C46966FA12F4', '2023-08-04 18:13:19', NULL),
	(5873, 0, '3C6266FA12F4', 'C46966FA12F4', '2023-08-04 18:13:21', NULL),
	(5874, 0, '3C6266FA12F4', 'C46966FA12F4', '2023-08-04 18:13:23', NULL),
	(5875, 0, '3C6266FA12F4', 'C46966FA12F4', '2023-08-04 18:13:25', NULL),
	(5876, 0, '3C6266FA12F4', 'C46966FA12F4', '2023-08-04 18:13:27', NULL),
	(5877, 0, '3C6266FA12F4', 'C46966FA12F4', '2023-08-04 18:13:39', NULL),
	(5878, 0, '3C6266FA12F4', 'C46966FA12F4', '2023-08-04 18:13:41', NULL),
	(5879, 0, '3C6266FA12F4', 'C46966FA12F4', '2023-08-04 18:13:43', NULL),
	(5880, 0, '3C6266FA12F4', 'C46966FA12F4', '2023-08-04 18:13:45', NULL),
	(5881, 0, '3C6266FA12F4', 'C46966FA12F4', '2023-08-04 18:13:47', NULL),
	(5882, 0, '3C6266FA12F4', 'C46966FA12F4', '2023-08-04 18:13:59', NULL),
	(5883, 0, '3C6266FA12F4', 'C46966FA12F4', '2023-08-04 18:14:01', NULL),
	(5884, 0, '3C6266FA12F4', 'C46966FA12F4', '2023-08-04 18:14:03', NULL),
	(5885, 0, '3C6266FA12F4', 'C46966FA12F4', '2023-08-04 18:14:06', NULL),
	(5886, 0, '3C6266FA12F4', 'C46966FA12F4', '2023-08-04 18:14:08', NULL),
	(5887, 0, '3C6266FA12F4', 'C46966FA12F4', '2023-08-04 18:14:10', NULL),
	(5888, 0, '3C6266FA12F4', 'C46966FA12F4', '2023-08-04 18:14:22', NULL),
	(5889, 0, '3C6266FA12F4', 'C46966FA12F4', '2023-08-04 18:14:24', NULL),
	(5890, 0, '3C6266FA12F4', 'C46966FA12F4', '2023-08-04 18:14:26', NULL),
	(5891, 0, '3C6266FA12F4', 'C46966FA12F4', '2023-08-04 18:14:29', NULL),
	(5892, 0, '3C6266FA12F4', 'C46966FA12F4', '2023-08-04 18:14:31', NULL),
	(5893, 0, '3C6266FA12F4', 'C46966FA12F4', '2023-08-04 18:14:43', NULL),
	(5894, 0, '3C6266FA12F4', 'C46966FA12F4', '2023-08-04 18:14:45', NULL),
	(5895, 0, '3C6266FA12F4', 'C46966FA12F4', '2023-08-04 18:14:47', NULL),
	(5896, 0, '3C6266FA12F4', 'C46966FA12F4', '2023-08-04 18:14:49', NULL),
	(5897, 0, '3C6266FA12F4', 'C46966FA12F4', '2023-08-04 18:14:51', NULL),
	(5898, 0, '3C6266FA12F4', 'C46966FA12F4', '2023-08-04 18:15:03', NULL),
	(5899, 0, '3C6266FA12F4', 'C46966FA12F4', '2023-08-04 18:15:05', NULL),
	(5900, 0, '3C6266FA12F4', 'C46966FA12F4', '2023-08-04 18:15:07', NULL),
	(5901, 0, '3C6266FA12F4', 'C46966FA12F4', '2023-08-04 18:15:09', NULL),
	(5902, 0, '3C6266FA12F4', 'C46966FA12F4', '2023-08-04 18:15:12', NULL),
	(5903, 0, '3C6266FA12F4', 'C46966FA12F4', '2023-08-04 18:15:24', NULL),
	(5904, 0, '3C6266FA12F4', 'C46966FA12F4', '2023-08-04 18:15:26', NULL),
	(5905, 0, '3C6266FA12F4', 'C46966FA12F4', '2023-08-04 18:15:28', NULL),
	(5906, 0, '3C6266FA12F4', 'C46966FA12F4', '2023-08-04 18:15:30', NULL),
	(5907, 0, '3C6266FA12F4', 'C46966FA12F4', '2023-08-04 18:15:32', NULL),
	(5908, 0, '3C6266FA12F4', 'C46966FA12F4', '2023-08-04 18:15:34', NULL),
	(5909, 0, '3C6266FA12F4', 'C46966FA12F4', '2023-08-04 18:15:46', NULL),
	(5910, 0, '3C6266FA12F4', 'C46966FA12F4', '2023-08-04 18:15:48', NULL),
	(5911, 0, '3C6266FA12F4', 'C46966FA12F4', '2023-08-04 18:15:50', NULL),
	(5912, 0, '3C6266FA12F4', 'C46966FA12F4', '2023-08-04 18:15:52', NULL),
	(5913, 0, '3C6266FA12F4', 'C46966FA12F4', '2023-08-04 18:15:54', NULL),
	(5914, 0, '3C6266FA12F4', 'C46966FA12F4', '2023-08-04 18:16:07', NULL),
	(5915, 0, '3C6266FA12F4', 'C46966FA12F4', '2023-08-04 18:16:09', NULL),
	(5916, 0, '3C6266FA12F4', 'C46966FA12F4', '2023-08-04 18:16:11', NULL),
	(5917, 0, '3C6266FA12F4', 'C46966FA12F4', '2023-08-04 18:16:13', NULL),
	(5918, 0, '3C6266FA12F4', 'C46966FA12F4', '2023-08-04 18:16:15', NULL),
	(5919, 0, '3C6266FA12F4', 'C46966FA12F4', '2023-08-04 18:16:27', NULL),
	(5920, 0, '3C6266FA12F4', 'C46966FA12F4', '2023-08-04 18:16:29', NULL),
	(5921, 0, '3C6266FA12F4', 'C46966FA12F4', '2023-08-04 18:16:31', NULL),
	(5922, 0, '3C6266FA12F4', 'C46966FA12F4', '2023-08-04 18:16:33', NULL),
	(5923, 0, '3C6266FA12F4', 'C46966FA12F4', '2023-08-04 18:16:35', NULL),
	(5924, 0, '3C6266FA12F4', 'C46966FA12F4', '2023-08-04 18:16:37', NULL),
	(5925, 0, '3C6266FA12F4', 'C46966FA12F4', '2023-08-04 18:16:50', NULL),
	(5926, 0, '3C6266FA12F4', 'C46966FA12F4', '2023-08-04 18:16:52', NULL),
	(5927, 0, '3C6266FA12F4', 'C46966FA12F4', '2023-08-04 18:16:54', NULL),
	(5928, 0, '3C6266FA12F4', 'C46966FA12F4', '2023-08-04 18:16:56', NULL),
	(5929, 0, '3C6266FA12F4', 'C46966FA12F4', '2023-08-04 18:16:58', NULL),
	(5930, 0, '3C6266FA12F4', 'C46966FA12F4', '2023-08-04 18:17:10', NULL),
	(5931, 0, '3C6266FA12F4', 'C46966FA12F4', '2023-08-04 18:17:12', NULL),
	(5932, 0, '3C6266FA12F4', 'C46966FA12F4', '2023-08-04 18:17:14', NULL),
	(5933, 0, '3C6266FA12F4', 'C46966FA12F4', '2023-08-04 18:17:16', NULL),
	(5934, 0, '3C6266FA12F4', 'C46966FA12F4', '2023-08-04 18:17:19', NULL),
	(5935, 0, '3C6266FA12F4', 'C46966FA12F4', '2023-08-04 18:17:31', NULL),
	(5936, 0, '3C6266FA12F4', 'C46966FA12F4', '2023-08-04 18:17:33', NULL),
	(5937, 0, '3C6266FA12F4', 'C46966FA12F4', '2023-08-04 18:17:35', NULL),
	(5938, 0, '3C6266FA12F4', 'C46966FA12F4', '2023-08-04 18:17:37', NULL),
	(5939, 0, '3C6266FA12F4', 'C46966FA12F4', '2023-08-04 18:17:39', NULL),
	(5940, 0, '3C6266FA12F4', 'C46966FA12F4', '2023-08-04 18:17:51', NULL),
	(5941, 0, '3C6266FA12F4', 'C46966FA12F4', '2023-08-04 18:17:53', NULL),
	(5942, 0, '3C6266FA12F4', 'C46966FA12F4', '2023-08-04 18:17:56', NULL),
	(5943, 0, '3C6266FA12F4', 'C46966FA12F4', '2023-08-04 18:17:58', NULL),
	(5944, 0, '3C6266FA12F4', 'C46966FA12F4', '2023-08-04 18:18:00', NULL),
	(5945, 0, '3C6266FA12F4', 'C46966FA12F4', '2023-08-04 18:18:02', NULL),
	(5946, 0, '3C6266FA12F4', 'C46966FA12F4', '2023-08-04 18:18:14', NULL),
	(5947, 0, '3C6266FA12F4', 'C46966FA12F4', '2023-08-04 18:18:16', NULL),
	(5948, 0, '3C6266FA12F4', 'C46966FA12F4', '2023-08-04 18:18:18', NULL),
	(5949, 0, '3C6266FA12F4', 'C46966FA12F4', '2023-08-04 18:18:20', NULL),
	(5950, 0, '3C6266FA12F4', 'C46966FA12F4', '2023-08-04 18:18:22', NULL),
	(5951, 0, '3C6266FA12F4', 'C46966FA12F4', '2023-08-04 18:18:34', NULL),
	(5952, 0, '3C6266FA12F4', 'C46966FA12F4', '2023-08-04 18:18:36', NULL),
	(5953, 0, '3C6266FA12F4', 'C46966FA12F4', '2023-08-04 18:18:38', NULL),
	(5954, 0, '3C6266FA12F4', 'C46966FA12F4', '2023-08-04 18:18:41', NULL),
	(5955, 0, '3C6266FA12F4', 'C46966FA12F4', '2023-08-04 18:18:43', NULL),
	(5956, 0, '3C6266FA12F4', 'C46966FA12F4', '2023-08-04 18:18:55', NULL),
	(5957, 0, '3C6266FA12F4', 'C46966FA12F4', '2023-08-04 18:18:57', NULL),
	(5958, 0, '3C6266FA12F4', 'C46966FA12F4', '2023-08-04 18:18:59', NULL),
	(5959, 0, '3C6266FA12F4', 'C46966FA12F4', '2023-08-04 18:19:01', NULL),
	(5960, 0, '3C6266FA12F4', 'C46966FA12F4', '2023-08-04 18:19:03', NULL),
	(5961, 0, '3C6266FA12F4', 'C46966FA12F4', '2023-08-04 18:19:05', NULL),
	(5962, 0, '3C6266FA12F4', 'C46966FA12F4', '2023-08-04 18:19:17', NULL),
	(5963, 0, '3C6266FA12F4', 'C46966FA12F4', '2023-08-04 18:19:19', NULL),
	(5964, 0, '3C6266FA12F4', 'C46966FA12F4', '2023-08-04 18:19:21', NULL),
	(5965, 0, '3C6266FA12F4', 'C46966FA12F4', '2023-08-04 18:19:24', NULL),
	(5966, 0, '3C6266FA12F4', 'C46966FA12F4', '2023-08-04 18:19:26', NULL),
	(5967, 0, '3C6266FA12F4', 'C46966FA12F4', '2023-08-04 18:19:38', NULL),
	(5968, 0, '3C6266FA12F4', 'C46966FA12F4', '2023-08-04 18:19:40', NULL),
	(5969, 0, '3C6266FA12F4', 'C46966FA12F4', '2023-08-04 18:19:42', NULL),
	(5970, 0, '3C6266FA12F4', 'C46966FA12F4', '2023-08-04 18:19:44', NULL),
	(5971, 0, '3C6266FA12F4', 'C46966FA12F4', '2023-08-04 18:19:46', NULL),
	(5972, 0, '3C6266FA12F4', 'C46966FA12F4', '2023-08-04 18:19:58', NULL),
	(5973, 0, '3C6266FA12F4', 'C46966FA12F4', '2023-08-04 18:20:00', NULL),
	(5974, 0, '3C6266FA12F4', 'C46966FA12F4', '2023-08-04 18:20:02', NULL),
	(5975, 0, '3C6266FA12F4', 'C46966FA12F4', '2023-08-04 18:20:04', NULL),
	(5976, 0, '3C6266FA12F4', 'C46966FA12F4', '2023-08-04 18:20:07', NULL),
	(5977, 0, '3C6266FA12F4', 'C46966FA12F4', '2023-08-04 18:20:09', NULL),
	(5978, 0, '3C6266FA12F4', 'C46966FA12F4', '2023-08-04 18:20:21', NULL),
	(5979, 0, '3C6266FA12F4', 'C46966FA12F4', '2023-08-04 18:20:23', NULL),
	(5980, 0, '3C6266FA12F4', 'C46966FA12F4', '2023-08-04 18:20:25', NULL),
	(5981, 0, '3C6266FA12F4', 'C46966FA12F4', '2023-08-04 18:20:27', NULL),
	(5982, 0, '3C6266FA12F4', 'C46966FA12F4', '2023-08-04 18:20:29', NULL),
	(5983, 0, '3C6266FA12F4', 'C46966FA12F4', '2023-08-04 18:20:41', NULL),
	(5984, 0, '3C6266FA12F4', 'C46966FA12F4', '2023-08-04 18:20:43', NULL),
	(5985, 0, '3C6266FA12F4', 'C46966FA12F4', '2023-08-04 18:20:45', NULL),
	(5986, 0, '3C6266FA12F4', 'C46966FA12F4', '2023-08-04 18:20:47', NULL),
	(5987, 0, '3C6266FA12F4', 'C46966FA12F4', '2023-08-04 18:20:50', NULL),
	(5988, 0, '3C6266FA12F4', 'C46966FA12F4', '2023-08-04 18:21:02', NULL),
	(5989, 0, '3C6266FA12F4', 'C46966FA12F4', '2023-08-04 18:21:04', NULL),
	(5990, 0, '3C6266FA12F4', 'C46966FA12F4', '2023-08-04 18:21:06', NULL),
	(5991, 0, '3C6266FA12F4', 'C46966FA12F4', '2023-08-04 18:21:08', NULL),
	(5992, 0, '3C6266FA12F4', 'C46966FA12F4', '2023-08-04 18:21:10', NULL),
	(5993, 0, '3C6266FA12F4', 'C46966FA12F4', '2023-08-04 18:21:22', NULL),
	(5994, 0, '3C6266FA12F4', 'C46966FA12F4', '2023-08-04 18:21:24', NULL),
	(5995, 0, '3C6266FA12F4', 'C46966FA12F4', '2023-08-04 18:21:26', NULL),
	(5996, 0, '3C6266FA12F4', 'C46966FA12F4', '2023-08-04 18:21:28', NULL),
	(5997, 0, '3C6266FA12F4', 'C46966FA12F4', '2023-08-04 18:21:30', NULL),
	(5998, 0, '3C6266FA12F4', 'C46966FA12F4', '2023-08-04 18:21:32', NULL),
	(5999, 0, '3C6266FA12F4', 'C46966FA12F4', '2023-08-04 18:21:45', NULL),
	(6000, 0, '3C6266FA12F4', 'C46966FA12F4', '2023-08-04 18:21:47', NULL),
	(6001, 0, '3C6266FA12F4', 'C46966FA12F4', '2023-08-04 18:21:49', NULL),
	(6002, 0, '3C6266FA12F4', 'C46966FA12F4', '2023-08-04 18:21:51', NULL),
	(6003, 0, '3C6266FA12F4', 'C46966FA12F4', '2023-08-04 18:21:53', NULL),
	(6004, 0, '3C6266FA12F4', 'C46966FA12F4', '2023-08-04 18:22:05', NULL),
	(6005, 0, '3C6266FA12F4', 'C46966FA12F4', '2023-08-04 18:22:07', NULL),
	(6006, 0, '3C6266FA12F4', 'C46966FA12F4', '2023-08-04 18:22:09', NULL),
	(6007, 0, '3C6266FA12F4', 'C46966FA12F4', '2023-08-04 18:22:11', NULL),
	(6008, 0, '3C6266FA12F4', 'C46966FA12F4', '2023-08-04 18:22:13', NULL),
	(6009, 0, '3C6266FA12F4', 'C46966FA12F4', '2023-08-04 18:22:26', NULL),
	(6010, 0, '3C6266FA12F4', 'C46966FA12F4', '2023-08-04 18:22:28', NULL),
	(6011, 0, '3C6266FA12F4', 'C46966FA12F4', '2023-08-04 18:22:30', NULL),
	(6012, 0, '3C6266FA12F4', 'C46966FA12F4', '2023-08-04 18:22:32', NULL),
	(6013, 0, '3C6266FA12F4', 'C46966FA12F4', '2023-08-04 18:22:34', NULL),
	(6014, 0, '3C6266FA12F4', 'C46966FA12F4', '2023-08-04 18:22:36', NULL),
	(6015, 0, '3C6266FA12F4', 'C46966FA12F4', '2023-08-04 18:22:48', NULL),
	(6016, 0, '3C6266FA12F4', 'C46966FA12F4', '2023-08-04 18:22:50', NULL),
	(6017, 0, '3C6266FA12F4', 'C46966FA12F4', '2023-08-04 18:22:52', NULL),
	(6018, 0, '3C6266FA12F4', 'C46966FA12F4', '2023-08-04 18:22:54', NULL),
	(6019, 0, '3C6266FA12F4', 'C46966FA12F4', '2023-08-04 18:22:56', NULL),
	(6020, 0, '3C6266FA12F4', 'C46966FA12F4', '2023-08-04 18:23:09', NULL),
	(6021, 0, '3C6266FA12F4', 'C46966FA12F4', '2023-08-04 18:23:11', NULL),
	(6022, 0, '3C6266FA12F4', 'C46966FA12F4', '2023-08-04 18:23:13', NULL),
	(6023, 0, '3C6266FA12F4', 'C46966FA12F4', '2023-08-04 18:23:15', NULL),
	(6024, 0, '3C6266FA12F4', 'C46966FA12F4', '2023-08-04 18:23:17', NULL),
	(6025, 0, '3C6266FA12F4', 'C46966FA12F4', '2023-08-04 18:23:29', NULL),
	(6026, 0, '3C6266FA12F4', 'C46966FA12F4', '2023-08-04 18:23:31', NULL),
	(6027, 0, '3C6266FA12F4', 'C46966FA12F4', '2023-08-04 18:23:33', NULL),
	(6028, 0, '3C6266FA12F4', 'C46966FA12F4', '2023-08-04 18:23:35', NULL),
	(6029, 0, '3C6266FA12F4', 'C46966FA12F4', '2023-08-04 18:23:37', NULL),
	(6030, 0, '3C6266FA12F4', 'C46966FA12F4', '2023-08-04 18:23:40', NULL),
	(6031, 0, '3C6266FA12F4', 'C46966FA12F4', '2023-08-04 18:23:52', NULL),
	(6032, 0, '3C6266FA12F4', 'C46966FA12F4', '2023-08-04 18:23:54', NULL),
	(6033, 0, '3C6266FA12F4', 'C46966FA12F4', '2023-08-04 18:23:56', NULL),
	(6034, 0, '3C6266FA12F4', 'C46966FA12F4', '2023-08-04 18:23:58', NULL),
	(6035, 0, '3C6266FA12F4', 'C46966FA12F4', '2023-08-04 18:24:00', NULL),
	(6036, 0, '3C6266FA12F4', 'C46966FA12F4', '2023-08-04 18:24:12', NULL),
	(6037, 0, '3C6266FA12F4', 'C46966FA12F4', '2023-08-04 18:24:14', NULL),
	(6038, 0, '3C6266FA12F4', 'C46966FA12F4', '2023-08-04 18:24:16', NULL),
	(6039, 0, '3C6266FA12F4', 'C46966FA12F4', '2023-08-04 18:24:18', NULL),
	(6040, 0, '3C6266FA12F4', 'C46966FA12F4', '2023-08-04 18:24:20', NULL),
	(6041, 0, '3C6266FA12F4', 'C46966FA12F4', '2023-08-04 18:24:33', NULL),
	(6042, 0, '3C6266FA12F4', 'C46966FA12F4', '2023-08-04 18:24:35', NULL),
	(6043, 0, '3C6266FA12F4', 'C46966FA12F4', '2023-08-04 18:24:37', NULL),
	(6044, 0, '3C6266FA12F4', 'C46966FA12F4', '2023-08-04 18:24:39', NULL),
	(6045, 0, '3C6266FA12F4', 'C46966FA12F4', '2023-08-04 18:24:41', NULL),
	(6046, 0, '3C6266FA12F4', 'C46966FA12F4', '2023-08-04 18:24:43', NULL),
	(6047, 0, '3C6266FA12F4', 'C46966FA12F4', '2023-08-04 18:24:55', NULL),
	(6048, 0, '3C6266FA12F4', 'C46966FA12F4', '2023-08-04 18:24:57', NULL),
	(6049, 0, '3C6266FA12F4', 'C46966FA12F4', '2023-08-04 18:24:59', NULL),
	(6050, 0, '3C6266FA12F4', 'C46966FA12F4', '2023-08-04 18:25:01', NULL),
	(6051, 0, '3C6266FA12F4', 'C46966FA12F4', '2023-08-04 18:25:03', NULL),
	(6052, 0, '3C6266FA12F4', 'C46966FA12F4', '2023-08-04 18:25:15', NULL),
	(6053, 0, '3C6266FA12F4', 'C46966FA12F4', '2023-08-04 18:25:17', NULL),
	(6054, 0, '3C6266FA12F4', 'C46966FA12F4', '2023-08-04 18:25:20', NULL),
	(6055, 0, '3C6266FA12F4', 'C46966FA12F4', '2023-08-04 18:25:22', NULL),
	(6056, 0, '3C6266FA12F4', 'C46966FA12F4', '2023-08-04 18:25:24', NULL),
	(6057, 0, '3C6266FA12F4', 'C46966FA12F4', '2023-08-04 18:25:36', NULL),
	(6058, 0, '3C6266FA12F4', 'C46966FA12F4', '2023-08-04 18:25:38', NULL),
	(6059, 0, '3C6266FA12F4', 'C46966FA12F4', '2023-08-04 18:25:40', NULL),
	(6060, 0, '3C6266FA12F4', 'C46966FA12F4', '2023-08-04 18:25:42', NULL),
	(6061, 0, '3C6266FA12F4', 'C46966FA12F4', '2023-08-04 18:25:44', NULL),
	(6062, 0, '3C6266FA12F4', 'C46966FA12F4', '2023-08-04 18:25:56', NULL),
	(6063, 0, '3C6266FA12F4', 'C46966FA12F4', '2023-08-04 18:25:58', NULL),
	(6064, 0, '3C6266FA12F4', 'C46966FA12F4', '2023-08-04 18:26:00', NULL),
	(6065, 0, '3C6266FA12F4', 'C46966FA12F4', '2023-08-04 18:26:03', NULL),
	(6066, 0, '3C6266FA12F4', 'C46966FA12F4', '2023-08-04 18:26:05', NULL),
	(6067, 0, '3C6266FA12F4', 'C46966FA12F4', '2023-08-04 18:26:07', NULL),
	(6068, 0, '3C6266FA12F4', 'C46966FA12F4', '2023-08-04 18:26:19', NULL),
	(6069, 0, '3C6266FA12F4', 'C46966FA12F4', '2023-08-04 18:26:21', NULL),
	(6070, 0, '3C6266FA12F4', 'C46966FA12F4', '2023-08-04 18:26:23', NULL),
	(6071, 0, '3C6266FA12F4', 'C46966FA12F4', '2023-08-04 18:26:25', NULL),
	(6072, 0, '3C6266FA12F4', 'C46966FA12F4', '2023-08-04 18:26:27', NULL),
	(6073, 0, '3C6266FA12F4', 'C46966FA12F4', '2023-08-04 18:26:39', NULL),
	(6074, 0, '3C6266FA12F4', 'C46966FA12F4', '2023-08-04 18:26:41', NULL),
	(6075, 0, '3C6266FA12F4', 'C46966FA12F4', '2023-08-04 18:26:43', NULL),
	(6076, 0, '3C6266FA12F4', 'C46966FA12F4', '2023-08-04 18:26:45', NULL),
	(6077, 0, '3C6266FA12F4', 'C46966FA12F4', '2023-08-04 18:26:47', NULL),
	(6078, 0, '3C6266FA12F4', 'C46966FA12F4', '2023-08-04 18:27:00', NULL),
	(6079, 0, '3C6266FA12F4', 'C46966FA12F4', '2023-08-04 18:27:02', NULL),
	(6080, 0, '3C6266FA12F4', 'C46966FA12F4', '2023-08-04 18:27:04', NULL),
	(6081, 0, '3C6266FA12F4', 'C46966FA12F4', '2023-08-04 18:27:06', NULL),
	(6082, 0, '3C6266FA12F4', 'C46966FA12F4', '2023-08-04 18:27:08', NULL);

-- Volcando estructura para tabla methat.permiso
CREATE TABLE IF NOT EXISTS `permiso` (
  `idpermiso` int NOT NULL AUTO_INCREMENT,
  `nombre` varchar(30) CHARACTER SET latin1 COLLATE latin1_swedish_ci NOT NULL,
  PRIMARY KEY (`idpermiso`)
) ENGINE=InnoDB AUTO_INCREMENT=18 DEFAULT CHARSET=utf8mb3;

-- Volcando datos para la tabla methat.permiso: ~17 rows (aproximadamente)
INSERT INTO `permiso` (`idpermiso`, `nombre`) VALUES
	(1, 'Escritorio'),
	(2, 'Persona'),
	(3, 'Compras'),
	(4, 'Ventas'),
	(5, 'Acceso'),
	(6, 'Consulta Compras'),
	(7, 'Consulta Ventas'),
	(8, 'Incapacidad'),
	(9, 'Barandilla'),
	(10, 'Canina'),
	(11, 'Archivo'),
	(12, 'Archivo Recursos Humanos'),
	(13, 'Archivo Recursos Materiales'),
	(14, 'Archivo Alimentos'),
	(15, 'Archivo Taller'),
	(16, 'Archivo Administrativa'),
	(17, 'Camaras');

-- Volcando estructura para tabla methat.roles
CREATE TABLE IF NOT EXISTS `roles` (
  `id_roles` int NOT NULL AUTO_INCREMENT,
  `nombre_roles` varchar(50) DEFAULT NULL,
  PRIMARY KEY (`id_roles`)
) ENGINE=InnoDB AUTO_INCREMENT=5 DEFAULT CHARSET=utf8mb3;

-- Volcando datos para la tabla methat.roles: ~4 rows (aproximadamente)
INSERT INTO `roles` (`id_roles`, `nombre_roles`) VALUES
	(1, 'Administrador'),
	(2, 'Editor'),
	(3, 'Colaborador'),
	(4, 'Visor');

-- Volcando estructura para tabla methat.temperatura
CREATE TABLE IF NOT EXISTS `temperatura` (
  `id_temperatura` int NOT NULL AUTO_INCREMENT,
  `temperatura1` float NOT NULL DEFAULT '0',
  `temperatura2` float NOT NULL DEFAULT '0',
  `id_modulo` varchar(50) NOT NULL DEFAULT '0',
  `id_sensor` varchar(50) NOT NULL DEFAULT '0',
  `fecha` datetime DEFAULT NULL,
  PRIMARY KEY (`id_temperatura`)
) ENGINE=InnoDB AUTO_INCREMENT=7055 DEFAULT CHARSET=utf8mb3;

-- Volcando datos para la tabla methat.temperatura: ~338 rows (aproximadamente)
INSERT INTO `temperatura` (`id_temperatura`, `temperatura1`, `temperatura2`, `id_modulo`, `id_sensor`, `fecha`) VALUES
	(6717, 24.19, 22.81, '3C6266FA12F4', 'C46966FA12F4', '2023-08-04 18:05:02'),
	(6718, 24.19, 22.75, '3C6266FA12F4', 'C46966FA12F4', '2023-08-04 18:05:14'),
	(6719, 24.19, 22.75, '3C6266FA12F4', 'C46966FA12F4', '2023-08-04 18:05:16'),
	(6720, 24.19, 22.75, '3C6266FA12F4', 'C46966FA12F4', '2023-08-04 18:05:19'),
	(6721, 24.19, 22.75, '3C6266FA12F4', 'C46966FA12F4', '2023-08-04 18:05:21'),
	(6722, 24.19, 22.62, '3C6266FA12F4', 'C46966FA12F4', '2023-08-04 18:05:33'),
	(6723, 24.19, 22.62, '3C6266FA12F4', 'C46966FA12F4', '2023-08-04 18:05:35'),
	(6724, 24.19, 22.62, '3C6266FA12F4', 'C46966FA12F4', '2023-08-04 18:05:37'),
	(6725, 24.19, 22.62, '3C6266FA12F4', 'C46966FA12F4', '2023-08-04 18:05:39'),
	(6726, 24.19, 22.62, '3C6266FA12F4', 'C46966FA12F4', '2023-08-04 18:05:41'),
	(6727, 24.19, 22.62, '3C6266FA12F4', 'C46966FA12F4', '2023-08-04 18:05:43'),
	(6728, 24.12, 22.56, '3C6266FA12F4', 'C46966FA12F4', '2023-08-04 18:05:55'),
	(6729, 24.12, 22.56, '3C6266FA12F4', 'C46966FA12F4', '2023-08-04 18:05:57'),
	(6730, 24.12, 22.56, '3C6266FA12F4', 'C46966FA12F4', '2023-08-04 18:06:00'),
	(6731, 24.12, 22.56, '3C6266FA12F4', 'C46966FA12F4', '2023-08-04 18:06:02'),
	(6732, 24.12, 22.56, '3C6266FA12F4', 'C46966FA12F4', '2023-08-04 18:06:04'),
	(6733, 24.12, 22.62, '3C6266FA12F4', 'C46966FA12F4', '2023-08-04 18:06:16'),
	(6734, 24.12, 22.62, '3C6266FA12F4', 'C46966FA12F4', '2023-08-04 18:06:18'),
	(6735, 24.12, 22.62, '3C6266FA12F4', 'C46966FA12F4', '2023-08-04 18:06:20'),
	(6736, 24.12, 22.62, '3C6266FA12F4', 'C46966FA12F4', '2023-08-04 18:06:22'),
	(6737, 24.12, 22.62, '3C6266FA12F4', 'C46966FA12F4', '2023-08-04 18:06:24'),
	(6738, 24.19, 22.62, '3C6266FA12F4', 'C46966FA12F4', '2023-08-04 18:06:36'),
	(6739, 24.19, 22.62, '3C6266FA12F4', 'C46966FA12F4', '2023-08-04 18:06:38'),
	(6740, 24.19, 22.62, '3C6266FA12F4', 'C46966FA12F4', '2023-08-04 18:06:40'),
	(6741, 24.19, 22.62, '3C6266FA12F4', 'C46966FA12F4', '2023-08-04 18:06:43'),
	(6742, 24.19, 22.62, '3C6266FA12F4', 'C46966FA12F4', '2023-08-04 18:06:45'),
	(6743, 24.19, 22.62, '3C6266FA12F4', 'C46966FA12F4', '2023-08-04 18:06:47'),
	(6744, 24.19, 22.75, '3C6266FA12F4', 'C46966FA12F4', '2023-08-04 18:06:59'),
	(6745, 24.19, 22.75, '3C6266FA12F4', 'C46966FA12F4', '2023-08-04 18:07:01'),
	(6746, 24.19, 22.75, '3C6266FA12F4', 'C46966FA12F4', '2023-08-04 18:07:03'),
	(6747, 24.19, 22.75, '3C6266FA12F4', 'C46966FA12F4', '2023-08-04 18:07:05'),
	(6748, 24.19, 22.75, '3C6266FA12F4', 'C46966FA12F4', '2023-08-04 18:07:07'),
	(6749, 24.25, 22.88, '3C6266FA12F4', 'C46966FA12F4', '2023-08-04 18:07:19'),
	(6750, 24.25, 22.88, '3C6266FA12F4', 'C46966FA12F4', '2023-08-04 18:07:22'),
	(6751, 24.25, 22.88, '3C6266FA12F4', 'C46966FA12F4', '2023-08-04 18:07:24'),
	(6752, 24.25, 22.88, '3C6266FA12F4', 'C46966FA12F4', '2023-08-04 18:07:26'),
	(6753, 24.25, 22.88, '3C6266FA12F4', 'C46966FA12F4', '2023-08-04 18:07:28'),
	(6754, 24.31, 23, '3C6266FA12F4', 'C46966FA12F4', '2023-08-04 18:07:40'),
	(6755, 24.31, 23, '3C6266FA12F4', 'C46966FA12F4', '2023-08-04 18:07:42'),
	(6756, 24.31, 23, '3C6266FA12F4', 'C46966FA12F4', '2023-08-04 18:07:44'),
	(6757, 24.31, 23, '3C6266FA12F4', 'C46966FA12F4', '2023-08-04 18:07:46'),
	(6758, 24.31, 23, '3C6266FA12F4', 'C46966FA12F4', '2023-08-04 18:07:48'),
	(6759, 24.25, 23.06, '3C6266FA12F4', 'C46966FA12F4', '2023-08-04 18:08:01'),
	(6760, 24.25, 23.06, '3C6266FA12F4', 'C46966FA12F4', '2023-08-04 18:08:03'),
	(6761, 24.25, 23.06, '3C6266FA12F4', 'C46966FA12F4', '2023-08-04 18:08:05'),
	(6762, 24.25, 23.06, '3C6266FA12F4', 'C46966FA12F4', '2023-08-04 18:08:07'),
	(6763, 24.25, 23.06, '3C6266FA12F4', 'C46966FA12F4', '2023-08-04 18:08:09'),
	(6764, 24.38, 23.12, '3C6266FA12F4', 'C46966FA12F4', '2023-08-04 18:08:21'),
	(6765, 24.38, 23.12, '3C6266FA12F4', 'C46966FA12F4', '2023-08-04 18:08:24'),
	(6766, 24.38, 23.12, '3C6266FA12F4', 'C46966FA12F4', '2023-08-04 18:08:26'),
	(6767, 24.38, 23.12, '3C6266FA12F4', 'C46966FA12F4', '2023-08-04 18:08:28'),
	(6768, 24.38, 23.12, '3C6266FA12F4', 'C46966FA12F4', '2023-08-04 18:08:30'),
	(6769, 24.38, 23.12, '3C6266FA12F4', 'C46966FA12F4', '2023-08-04 18:08:32'),
	(6770, 24.44, 23.19, '3C6266FA12F4', 'C46966FA12F4', '2023-08-04 18:08:44'),
	(6771, 24.44, 23.19, '3C6266FA12F4', 'C46966FA12F4', '2023-08-04 18:08:46'),
	(6772, 24.44, 23.19, '3C6266FA12F4', 'C46966FA12F4', '2023-08-04 18:08:48'),
	(6773, 24.44, 23.19, '3C6266FA12F4', 'C46966FA12F4', '2023-08-04 18:08:50'),
	(6774, 24.44, 23.19, '3C6266FA12F4', 'C46966FA12F4', '2023-08-04 18:08:53'),
	(6775, 24.5, 23.31, '3C6266FA12F4', 'C46966FA12F4', '2023-08-04 18:09:05'),
	(6776, 24.5, 23.31, '3C6266FA12F4', 'C46966FA12F4', '2023-08-04 18:09:07'),
	(6777, 24.5, 23.31, '3C6266FA12F4', 'C46966FA12F4', '2023-08-04 18:09:09'),
	(6778, 24.5, 23.31, '3C6266FA12F4', 'C46966FA12F4', '2023-08-04 18:09:11'),
	(6779, 24.5, 23.31, '3C6266FA12F4', 'C46966FA12F4', '2023-08-04 18:09:13'),
	(6780, 24.56, 23.44, '3C6266FA12F4', 'C46966FA12F4', '2023-08-04 18:09:25'),
	(6781, 24.56, 23.44, '3C6266FA12F4', 'C46966FA12F4', '2023-08-04 18:09:27'),
	(6782, 24.56, 23.44, '3C6266FA12F4', 'C46966FA12F4', '2023-08-04 18:09:29'),
	(6783, 24.56, 23.44, '3C6266FA12F4', 'C46966FA12F4', '2023-08-04 18:09:31'),
	(6784, 24.56, 23.44, '3C6266FA12F4', 'C46966FA12F4', '2023-08-04 18:09:33'),
	(6785, 24.56, 23.44, '3C6266FA12F4', 'C46966FA12F4', '2023-08-04 18:09:36'),
	(6786, 24.5, 23.44, '3C6266FA12F4', 'C46966FA12F4', '2023-08-04 18:09:48'),
	(6787, 24.5, 23.44, '3C6266FA12F4', 'C46966FA12F4', '2023-08-04 18:09:50'),
	(6788, 24.5, 23.44, '3C6266FA12F4', 'C46966FA12F4', '2023-08-04 18:09:52'),
	(6789, 24.5, 23.44, '3C6266FA12F4', 'C46966FA12F4', '2023-08-04 18:09:54'),
	(6790, 24.5, 23.44, '3C6266FA12F4', 'C46966FA12F4', '2023-08-04 18:09:56'),
	(6791, 24.5, 23.38, '3C6266FA12F4', 'C46966FA12F4', '2023-08-04 18:10:08'),
	(6792, 24.5, 23.38, '3C6266FA12F4', 'C46966FA12F4', '2023-08-04 18:10:10'),
	(6793, 24.5, 23.38, '3C6266FA12F4', 'C46966FA12F4', '2023-08-04 18:10:12'),
	(6794, 24.5, 23.38, '3C6266FA12F4', 'C46966FA12F4', '2023-08-04 18:10:14'),
	(6795, 24.5, 23.38, '3C6266FA12F4', 'C46966FA12F4', '2023-08-04 18:10:17'),
	(6796, 24.5, 23.31, '3C6266FA12F4', 'C46966FA12F4', '2023-08-04 18:10:29'),
	(6797, 24.5, 23.31, '3C6266FA12F4', 'C46966FA12F4', '2023-08-04 18:10:31'),
	(6798, 24.5, 23.31, '3C6266FA12F4', 'C46966FA12F4', '2023-08-04 18:10:33'),
	(6799, 24.5, 23.31, '3C6266FA12F4', 'C46966FA12F4', '2023-08-04 18:10:35'),
	(6800, 24.5, 23.31, '3C6266FA12F4', 'C46966FA12F4', '2023-08-04 18:10:37'),
	(6801, 24.56, 23.25, '3C6266FA12F4', 'C46966FA12F4', '2023-08-04 18:10:49'),
	(6802, 24.56, 23.25, '3C6266FA12F4', 'C46966FA12F4', '2023-08-04 18:10:51'),
	(6803, 24.56, 23.25, '3C6266FA12F4', 'C46966FA12F4', '2023-08-04 18:10:53'),
	(6804, 24.56, 23.25, '3C6266FA12F4', 'C46966FA12F4', '2023-08-04 18:10:56'),
	(6805, 24.56, 23.25, '3C6266FA12F4', 'C46966FA12F4', '2023-08-04 18:10:58'),
	(6806, 24.56, 23.25, '3C6266FA12F4', 'C46966FA12F4', '2023-08-04 18:11:00'),
	(6807, 24.44, 23.12, '3C6266FA12F4', 'C46966FA12F4', '2023-08-04 18:11:12'),
	(6808, 24.44, 23.12, '3C6266FA12F4', 'C46966FA12F4', '2023-08-04 18:11:14'),
	(6809, 24.44, 23.12, '3C6266FA12F4', 'C46966FA12F4', '2023-08-04 18:11:16'),
	(6810, 24.44, 23.12, '3C6266FA12F4', 'C46966FA12F4', '2023-08-04 18:11:18'),
	(6811, 24.44, 23.12, '3C6266FA12F4', 'C46966FA12F4', '2023-08-04 18:11:20'),
	(6812, 24.38, 23.06, '3C6266FA12F4', 'C46966FA12F4', '2023-08-04 18:11:32'),
	(6813, 24.38, 23.06, '3C6266FA12F4', 'C46966FA12F4', '2023-08-04 18:11:34'),
	(6814, 24.38, 23.06, '3C6266FA12F4', 'C46966FA12F4', '2023-08-04 18:11:36'),
	(6815, 24.38, 23.06, '3C6266FA12F4', 'C46966FA12F4', '2023-08-04 18:11:38'),
	(6816, 24.38, 23.06, '3C6266FA12F4', 'C46966FA12F4', '2023-08-04 18:11:40'),
	(6817, 24.44, 23, '3C6266FA12F4', 'C46966FA12F4', '2023-08-04 18:11:53'),
	(6818, 24.44, 23, '3C6266FA12F4', 'C46966FA12F4', '2023-08-04 18:11:55'),
	(6819, 24.44, 23, '3C6266FA12F4', 'C46966FA12F4', '2023-08-04 18:11:57'),
	(6820, 24.44, 23, '3C6266FA12F4', 'C46966FA12F4', '2023-08-04 18:11:59'),
	(6821, 24.44, 23, '3C6266FA12F4', 'C46966FA12F4', '2023-08-04 18:12:01'),
	(6822, 24.44, 23, '3C6266FA12F4', 'C46966FA12F4', '2023-08-04 18:12:03'),
	(6823, 24.31, 22.88, '3C6266FA12F4', 'C46966FA12F4', '2023-08-04 18:12:15'),
	(6824, 24.31, 22.88, '3C6266FA12F4', 'C46966FA12F4', '2023-08-04 18:12:17'),
	(6825, 24.31, 22.88, '3C6266FA12F4', 'C46966FA12F4', '2023-08-04 18:12:19'),
	(6826, 24.31, 22.88, '3C6266FA12F4', 'C46966FA12F4', '2023-08-04 18:12:21'),
	(6827, 24.31, 22.88, '3C6266FA12F4', 'C46966FA12F4', '2023-08-04 18:12:23'),
	(6828, 24.25, 22.88, '3C6266FA12F4', 'C46966FA12F4', '2023-08-04 18:12:36'),
	(6829, 24.25, 22.88, '3C6266FA12F4', 'C46966FA12F4', '2023-08-04 18:12:38'),
	(6830, 24.25, 22.88, '3C6266FA12F4', 'C46966FA12F4', '2023-08-04 18:12:40'),
	(6831, 24.25, 22.88, '3C6266FA12F4', 'C46966FA12F4', '2023-08-04 18:12:42'),
	(6832, 24.25, 22.88, '3C6266FA12F4', 'C46966FA12F4', '2023-08-04 18:12:44'),
	(6833, 24.25, 22.81, '3C6266FA12F4', 'C46966FA12F4', '2023-08-04 18:12:56'),
	(6834, 24.25, 22.81, '3C6266FA12F4', 'C46966FA12F4', '2023-08-04 18:12:58'),
	(6835, 24.25, 22.81, '3C6266FA12F4', 'C46966FA12F4', '2023-08-04 18:13:00'),
	(6836, 24.25, 22.81, '3C6266FA12F4', 'C46966FA12F4', '2023-08-04 18:13:02'),
	(6837, 24.25, 22.81, '3C6266FA12F4', 'C46966FA12F4', '2023-08-04 18:13:04'),
	(6838, 24.25, 22.81, '3C6266FA12F4', 'C46966FA12F4', '2023-08-04 18:13:06'),
	(6839, 24.19, 22.69, '3C6266FA12F4', 'C46966FA12F4', '2023-08-04 18:13:19'),
	(6840, 24.19, 22.69, '3C6266FA12F4', 'C46966FA12F4', '2023-08-04 18:13:21'),
	(6841, 24.19, 22.69, '3C6266FA12F4', 'C46966FA12F4', '2023-08-04 18:13:23'),
	(6842, 24.19, 22.69, '3C6266FA12F4', 'C46966FA12F4', '2023-08-04 18:13:25'),
	(6843, 24.19, 22.69, '3C6266FA12F4', 'C46966FA12F4', '2023-08-04 18:13:27'),
	(6844, 24.19, 22.69, '3C6266FA12F4', 'C46966FA12F4', '2023-08-04 18:13:39'),
	(6845, 24.19, 22.69, '3C6266FA12F4', 'C46966FA12F4', '2023-08-04 18:13:41'),
	(6846, 24.19, 22.69, '3C6266FA12F4', 'C46966FA12F4', '2023-08-04 18:13:43'),
	(6847, 24.19, 22.69, '3C6266FA12F4', 'C46966FA12F4', '2023-08-04 18:13:45'),
	(6848, 24.19, 22.69, '3C6266FA12F4', 'C46966FA12F4', '2023-08-04 18:13:47'),
	(6849, 24.12, 22.5, '3C6266FA12F4', 'C46966FA12F4', '2023-08-04 18:13:59'),
	(6850, 24.12, 22.5, '3C6266FA12F4', 'C46966FA12F4', '2023-08-04 18:14:01'),
	(6851, 24.12, 22.5, '3C6266FA12F4', 'C46966FA12F4', '2023-08-04 18:14:03'),
	(6852, 24.12, 22.5, '3C6266FA12F4', 'C46966FA12F4', '2023-08-04 18:14:06'),
	(6853, 24.12, 22.5, '3C6266FA12F4', 'C46966FA12F4', '2023-08-04 18:14:08'),
	(6854, 24.12, 22.5, '3C6266FA12F4', 'C46966FA12F4', '2023-08-04 18:14:10'),
	(6855, 24.12, 22.44, '3C6266FA12F4', 'C46966FA12F4', '2023-08-04 18:14:22'),
	(6856, 24.12, 22.44, '3C6266FA12F4', 'C46966FA12F4', '2023-08-04 18:14:24'),
	(6857, 24.12, 22.44, '3C6266FA12F4', 'C46966FA12F4', '2023-08-04 18:14:26'),
	(6858, 24.12, 22.44, '3C6266FA12F4', 'C46966FA12F4', '2023-08-04 18:14:29'),
	(6859, 24.12, 22.44, '3C6266FA12F4', 'C46966FA12F4', '2023-08-04 18:14:31'),
	(6860, 24.06, 22.38, '3C6266FA12F4', 'C46966FA12F4', '2023-08-04 18:14:43'),
	(6861, 24.06, 22.38, '3C6266FA12F4', 'C46966FA12F4', '2023-08-04 18:14:45'),
	(6862, 24.06, 22.38, '3C6266FA12F4', 'C46966FA12F4', '2023-08-04 18:14:47'),
	(6863, 24.06, 22.38, '3C6266FA12F4', 'C46966FA12F4', '2023-08-04 18:14:49'),
	(6864, 24.06, 22.38, '3C6266FA12F4', 'C46966FA12F4', '2023-08-04 18:14:51'),
	(6865, 24.06, 22.44, '3C6266FA12F4', 'C46966FA12F4', '2023-08-04 18:15:03'),
	(6866, 24.06, 22.44, '3C6266FA12F4', 'C46966FA12F4', '2023-08-04 18:15:05'),
	(6867, 24.06, 22.44, '3C6266FA12F4', 'C46966FA12F4', '2023-08-04 18:15:07'),
	(6868, 24.06, 22.44, '3C6266FA12F4', 'C46966FA12F4', '2023-08-04 18:15:09'),
	(6869, 24.06, 22.44, '3C6266FA12F4', 'C46966FA12F4', '2023-08-04 18:15:12'),
	(6870, 24, 22.38, '3C6266FA12F4', 'C46966FA12F4', '2023-08-04 18:15:24'),
	(6871, 24, 22.38, '3C6266FA12F4', 'C46966FA12F4', '2023-08-04 18:15:26'),
	(6872, 24, 22.38, '3C6266FA12F4', 'C46966FA12F4', '2023-08-04 18:15:28'),
	(6873, 24, 22.38, '3C6266FA12F4', 'C46966FA12F4', '2023-08-04 18:15:30'),
	(6874, 24, 22.38, '3C6266FA12F4', 'C46966FA12F4', '2023-08-04 18:15:32'),
	(6875, 24, 22.38, '3C6266FA12F4', 'C46966FA12F4', '2023-08-04 18:15:34'),
	(6876, 24, 22.31, '3C6266FA12F4', 'C46966FA12F4', '2023-08-04 18:15:46'),
	(6877, 24, 22.31, '3C6266FA12F4', 'C46966FA12F4', '2023-08-04 18:15:48'),
	(6878, 24, 22.31, '3C6266FA12F4', 'C46966FA12F4', '2023-08-04 18:15:50'),
	(6879, 24, 22.31, '3C6266FA12F4', 'C46966FA12F4', '2023-08-04 18:15:52'),
	(6880, 24, 22.31, '3C6266FA12F4', 'C46966FA12F4', '2023-08-04 18:15:54'),
	(6881, 24, 22.31, '3C6266FA12F4', 'C46966FA12F4', '2023-08-04 18:16:07'),
	(6882, 24, 22.31, '3C6266FA12F4', 'C46966FA12F4', '2023-08-04 18:16:09'),
	(6883, 24, 22.31, '3C6266FA12F4', 'C46966FA12F4', '2023-08-04 18:16:11'),
	(6884, 24, 22.31, '3C6266FA12F4', 'C46966FA12F4', '2023-08-04 18:16:13'),
	(6885, 24, 22.31, '3C6266FA12F4', 'C46966FA12F4', '2023-08-04 18:16:15'),
	(6886, 24.12, 22.44, '3C6266FA12F4', 'C46966FA12F4', '2023-08-04 18:16:27'),
	(6887, 24.12, 22.44, '3C6266FA12F4', 'C46966FA12F4', '2023-08-04 18:16:29'),
	(6888, 24.12, 22.44, '3C6266FA12F4', 'C46966FA12F4', '2023-08-04 18:16:31'),
	(6889, 24.12, 22.44, '3C6266FA12F4', 'C46966FA12F4', '2023-08-04 18:16:33'),
	(6890, 24.12, 22.44, '3C6266FA12F4', 'C46966FA12F4', '2023-08-04 18:16:35'),
	(6891, 24.12, 22.44, '3C6266FA12F4', 'C46966FA12F4', '2023-08-04 18:16:37'),
	(6892, 24, 22.56, '3C6266FA12F4', 'C46966FA12F4', '2023-08-04 18:16:50'),
	(6893, 24, 22.56, '3C6266FA12F4', 'C46966FA12F4', '2023-08-04 18:16:52'),
	(6894, 24, 22.56, '3C6266FA12F4', 'C46966FA12F4', '2023-08-04 18:16:54'),
	(6895, 24, 22.56, '3C6266FA12F4', 'C46966FA12F4', '2023-08-04 18:16:56'),
	(6896, 24, 22.56, '3C6266FA12F4', 'C46966FA12F4', '2023-08-04 18:16:58'),
	(6897, 24.12, 22.69, '3C6266FA12F4', 'C46966FA12F4', '2023-08-04 18:17:10'),
	(6898, 24.12, 22.69, '3C6266FA12F4', 'C46966FA12F4', '2023-08-04 18:17:12'),
	(6899, 24.12, 22.69, '3C6266FA12F4', 'C46966FA12F4', '2023-08-04 18:17:14'),
	(6900, 24.12, 22.69, '3C6266FA12F4', 'C46966FA12F4', '2023-08-04 18:17:16'),
	(6901, 24.12, 22.69, '3C6266FA12F4', 'C46966FA12F4', '2023-08-04 18:17:19'),
	(6902, 24.19, 22.75, '3C6266FA12F4', 'C46966FA12F4', '2023-08-04 18:17:31'),
	(6903, 24.19, 22.75, '3C6266FA12F4', 'C46966FA12F4', '2023-08-04 18:17:33'),
	(6904, 24.19, 22.75, '3C6266FA12F4', 'C46966FA12F4', '2023-08-04 18:17:35'),
	(6905, 24.19, 22.75, '3C6266FA12F4', 'C46966FA12F4', '2023-08-04 18:17:37'),
	(6906, 24.19, 22.75, '3C6266FA12F4', 'C46966FA12F4', '2023-08-04 18:17:39'),
	(6907, 24.19, 22.81, '3C6266FA12F4', 'C46966FA12F4', '2023-08-04 18:17:51'),
	(6908, 24.19, 22.81, '3C6266FA12F4', 'C46966FA12F4', '2023-08-04 18:17:53'),
	(6909, 24.19, 22.81, '3C6266FA12F4', 'C46966FA12F4', '2023-08-04 18:17:56'),
	(6910, 24.19, 22.81, '3C6266FA12F4', 'C46966FA12F4', '2023-08-04 18:17:58'),
	(6911, 24.19, 22.81, '3C6266FA12F4', 'C46966FA12F4', '2023-08-04 18:18:00'),
	(6912, 24.19, 22.81, '3C6266FA12F4', 'C46966FA12F4', '2023-08-04 18:18:02'),
	(6913, 24.31, 22.94, '3C6266FA12F4', 'C46966FA12F4', '2023-08-04 18:18:14'),
	(6914, 24.31, 22.94, '3C6266FA12F4', 'C46966FA12F4', '2023-08-04 18:18:16'),
	(6915, 24.31, 22.94, '3C6266FA12F4', 'C46966FA12F4', '2023-08-04 18:18:18'),
	(6916, 24.31, 22.94, '3C6266FA12F4', 'C46966FA12F4', '2023-08-04 18:18:20'),
	(6917, 24.31, 22.94, '3C6266FA12F4', 'C46966FA12F4', '2023-08-04 18:18:22'),
	(6918, 24.38, 23, '3C6266FA12F4', 'C46966FA12F4', '2023-08-04 18:18:34'),
	(6919, 24.38, 23, '3C6266FA12F4', 'C46966FA12F4', '2023-08-04 18:18:36'),
	(6920, 24.38, 23, '3C6266FA12F4', 'C46966FA12F4', '2023-08-04 18:18:38'),
	(6921, 24.38, 23, '3C6266FA12F4', 'C46966FA12F4', '2023-08-04 18:18:41'),
	(6922, 24.38, 23, '3C6266FA12F4', 'C46966FA12F4', '2023-08-04 18:18:43'),
	(6923, 24.38, 23.06, '3C6266FA12F4', 'C46966FA12F4', '2023-08-04 18:18:55'),
	(6924, 24.38, 23.06, '3C6266FA12F4', 'C46966FA12F4', '2023-08-04 18:18:57'),
	(6925, 24.38, 23.06, '3C6266FA12F4', 'C46966FA12F4', '2023-08-04 18:18:59'),
	(6926, 24.38, 23.06, '3C6266FA12F4', 'C46966FA12F4', '2023-08-04 18:19:01'),
	(6927, 24.38, 23.06, '3C6266FA12F4', 'C46966FA12F4', '2023-08-04 18:19:03'),
	(6928, 24.38, 23.06, '3C6266FA12F4', 'C46966FA12F4', '2023-08-04 18:19:05'),
	(6929, 24.38, 23.06, '3C6266FA12F4', 'C46966FA12F4', '2023-08-04 18:19:17'),
	(6930, 24.38, 23.06, '3C6266FA12F4', 'C46966FA12F4', '2023-08-04 18:19:19'),
	(6931, 24.38, 23.06, '3C6266FA12F4', 'C46966FA12F4', '2023-08-04 18:19:21'),
	(6932, 24.38, 23.06, '3C6266FA12F4', 'C46966FA12F4', '2023-08-04 18:19:24'),
	(6933, 24.38, 23.06, '3C6266FA12F4', 'C46966FA12F4', '2023-08-04 18:19:26'),
	(6934, 24.31, 23.06, '3C6266FA12F4', 'C46966FA12F4', '2023-08-04 18:19:38'),
	(6935, 24.31, 23.06, '3C6266FA12F4', 'C46966FA12F4', '2023-08-04 18:19:40'),
	(6936, 24.31, 23.06, '3C6266FA12F4', 'C46966FA12F4', '2023-08-04 18:19:42'),
	(6937, 24.31, 23.06, '3C6266FA12F4', 'C46966FA12F4', '2023-08-04 18:19:44'),
	(6938, 24.31, 23.06, '3C6266FA12F4', 'C46966FA12F4', '2023-08-04 18:19:46'),
	(6939, 24.31, 23, '3C6266FA12F4', 'C46966FA12F4', '2023-08-04 18:19:58'),
	(6940, 24.31, 23, '3C6266FA12F4', 'C46966FA12F4', '2023-08-04 18:20:00'),
	(6941, 24.31, 23, '3C6266FA12F4', 'C46966FA12F4', '2023-08-04 18:20:02'),
	(6942, 24.31, 23, '3C6266FA12F4', 'C46966FA12F4', '2023-08-04 18:20:04'),
	(6943, 24.31, 23, '3C6266FA12F4', 'C46966FA12F4', '2023-08-04 18:20:07'),
	(6944, 24.31, 23, '3C6266FA12F4', 'C46966FA12F4', '2023-08-04 18:20:09'),
	(6945, 24.38, 23, '3C6266FA12F4', 'C46966FA12F4', '2023-08-04 18:20:21'),
	(6946, 24.38, 23, '3C6266FA12F4', 'C46966FA12F4', '2023-08-04 18:20:23'),
	(6947, 24.38, 23, '3C6266FA12F4', 'C46966FA12F4', '2023-08-04 18:20:25'),
	(6948, 24.38, 23, '3C6266FA12F4', 'C46966FA12F4', '2023-08-04 18:20:27'),
	(6949, 24.38, 23, '3C6266FA12F4', 'C46966FA12F4', '2023-08-04 18:20:29'),
	(6950, 24.31, 23, '3C6266FA12F4', 'C46966FA12F4', '2023-08-04 18:20:41'),
	(6951, 24.31, 23, '3C6266FA12F4', 'C46966FA12F4', '2023-08-04 18:20:43'),
	(6952, 24.31, 23, '3C6266FA12F4', 'C46966FA12F4', '2023-08-04 18:20:45'),
	(6953, 24.31, 23, '3C6266FA12F4', 'C46966FA12F4', '2023-08-04 18:20:47'),
	(6954, 24.31, 23, '3C6266FA12F4', 'C46966FA12F4', '2023-08-04 18:20:50'),
	(6955, 24.31, 22.94, '3C6266FA12F4', 'C46966FA12F4', '2023-08-04 18:21:02'),
	(6956, 24.31, 22.94, '3C6266FA12F4', 'C46966FA12F4', '2023-08-04 18:21:04'),
	(6957, 24.31, 22.94, '3C6266FA12F4', 'C46966FA12F4', '2023-08-04 18:21:06'),
	(6958, 24.31, 22.94, '3C6266FA12F4', 'C46966FA12F4', '2023-08-04 18:21:08'),
	(6959, 24.31, 22.94, '3C6266FA12F4', 'C46966FA12F4', '2023-08-04 18:21:10'),
	(6960, 24.38, 22.94, '3C6266FA12F4', 'C46966FA12F4', '2023-08-04 18:21:22'),
	(6961, 24.38, 22.94, '3C6266FA12F4', 'C46966FA12F4', '2023-08-04 18:21:24'),
	(6962, 24.38, 22.94, '3C6266FA12F4', 'C46966FA12F4', '2023-08-04 18:21:26'),
	(6963, 24.38, 22.94, '3C6266FA12F4', 'C46966FA12F4', '2023-08-04 18:21:28'),
	(6964, 24.38, 22.94, '3C6266FA12F4', 'C46966FA12F4', '2023-08-04 18:21:30'),
	(6965, 24.38, 22.94, '3C6266FA12F4', 'C46966FA12F4', '2023-08-04 18:21:32'),
	(6966, 24.31, 22.81, '3C6266FA12F4', 'C46966FA12F4', '2023-08-04 18:21:45'),
	(6967, 24.31, 22.81, '3C6266FA12F4', 'C46966FA12F4', '2023-08-04 18:21:47'),
	(6968, 24.31, 22.81, '3C6266FA12F4', 'C46966FA12F4', '2023-08-04 18:21:49'),
	(6969, 24.31, 22.81, '3C6266FA12F4', 'C46966FA12F4', '2023-08-04 18:21:51'),
	(6970, 24.31, 22.81, '3C6266FA12F4', 'C46966FA12F4', '2023-08-04 18:21:53'),
	(6971, 24.19, 22.69, '3C6266FA12F4', 'C46966FA12F4', '2023-08-04 18:22:05'),
	(6972, 24.19, 22.69, '3C6266FA12F4', 'C46966FA12F4', '2023-08-04 18:22:07'),
	(6973, 24.19, 22.69, '3C6266FA12F4', 'C46966FA12F4', '2023-08-04 18:22:09'),
	(6974, 24.19, 22.69, '3C6266FA12F4', 'C46966FA12F4', '2023-08-04 18:22:11'),
	(6975, 24.19, 22.69, '3C6266FA12F4', 'C46966FA12F4', '2023-08-04 18:22:13'),
	(6976, 24.12, 22.62, '3C6266FA12F4', 'C46966FA12F4', '2023-08-04 18:22:26'),
	(6977, 24.12, 22.62, '3C6266FA12F4', 'C46966FA12F4', '2023-08-04 18:22:28'),
	(6978, 24.12, 22.62, '3C6266FA12F4', 'C46966FA12F4', '2023-08-04 18:22:30'),
	(6979, 24.12, 22.62, '3C6266FA12F4', 'C46966FA12F4', '2023-08-04 18:22:32'),
	(6980, 24.12, 22.62, '3C6266FA12F4', 'C46966FA12F4', '2023-08-04 18:22:34'),
	(6981, 24.12, 22.62, '3C6266FA12F4', 'C46966FA12F4', '2023-08-04 18:22:36'),
	(6982, 24.06, 22.5, '3C6266FA12F4', 'C46966FA12F4', '2023-08-04 18:22:48'),
	(6983, 24.06, 22.5, '3C6266FA12F4', 'C46966FA12F4', '2023-08-04 18:22:50'),
	(6984, 24.06, 22.5, '3C6266FA12F4', 'C46966FA12F4', '2023-08-04 18:22:52'),
	(6985, 24.06, 22.5, '3C6266FA12F4', 'C46966FA12F4', '2023-08-04 18:22:54'),
	(6986, 24.06, 22.5, '3C6266FA12F4', 'C46966FA12F4', '2023-08-04 18:22:56'),
	(6987, 24.06, 22.5, '3C6266FA12F4', 'C46966FA12F4', '2023-08-04 18:23:09'),
	(6988, 24.06, 22.5, '3C6266FA12F4', 'C46966FA12F4', '2023-08-04 18:23:11'),
	(6989, 24.06, 22.5, '3C6266FA12F4', 'C46966FA12F4', '2023-08-04 18:23:13'),
	(6990, 24.06, 22.5, '3C6266FA12F4', 'C46966FA12F4', '2023-08-04 18:23:15'),
	(6991, 24.06, 22.5, '3C6266FA12F4', 'C46966FA12F4', '2023-08-04 18:23:17'),
	(6992, 24, 22.44, '3C6266FA12F4', 'C46966FA12F4', '2023-08-04 18:23:29'),
	(6993, 24, 22.44, '3C6266FA12F4', 'C46966FA12F4', '2023-08-04 18:23:31'),
	(6994, 24, 22.44, '3C6266FA12F4', 'C46966FA12F4', '2023-08-04 18:23:33'),
	(6995, 24, 22.44, '3C6266FA12F4', 'C46966FA12F4', '2023-08-04 18:23:35'),
	(6996, 24, 22.44, '3C6266FA12F4', 'C46966FA12F4', '2023-08-04 18:23:37'),
	(6997, 24, 22.44, '3C6266FA12F4', 'C46966FA12F4', '2023-08-04 18:23:40'),
	(6998, 24, 22.44, '3C6266FA12F4', 'C46966FA12F4', '2023-08-04 18:23:52'),
	(6999, 24, 22.44, '3C6266FA12F4', 'C46966FA12F4', '2023-08-04 18:23:54'),
	(7000, 24, 22.44, '3C6266FA12F4', 'C46966FA12F4', '2023-08-04 18:23:56'),
	(7001, 24, 22.44, '3C6266FA12F4', 'C46966FA12F4', '2023-08-04 18:23:58'),
	(7002, 24, 22.44, '3C6266FA12F4', 'C46966FA12F4', '2023-08-04 18:24:00'),
	(7003, 24.06, 22.44, '3C6266FA12F4', 'C46966FA12F4', '2023-08-04 18:24:12'),
	(7004, 24.06, 22.44, '3C6266FA12F4', 'C46966FA12F4', '2023-08-04 18:24:14'),
	(7005, 24.06, 22.44, '3C6266FA12F4', 'C46966FA12F4', '2023-08-04 18:24:16'),
	(7006, 24.06, 22.44, '3C6266FA12F4', 'C46966FA12F4', '2023-08-04 18:24:18'),
	(7007, 24.06, 22.44, '3C6266FA12F4', 'C46966FA12F4', '2023-08-04 18:24:20'),
	(7008, 24, 22.44, '3C6266FA12F4', 'C46966FA12F4', '2023-08-04 18:24:33'),
	(7009, 24, 22.44, '3C6266FA12F4', 'C46966FA12F4', '2023-08-04 18:24:35'),
	(7010, 24, 22.44, '3C6266FA12F4', 'C46966FA12F4', '2023-08-04 18:24:37'),
	(7011, 24, 22.44, '3C6266FA12F4', 'C46966FA12F4', '2023-08-04 18:24:39'),
	(7012, 24, 22.44, '3C6266FA12F4', 'C46966FA12F4', '2023-08-04 18:24:41'),
	(7013, 24, 22.44, '3C6266FA12F4', 'C46966FA12F4', '2023-08-04 18:24:43'),
	(7014, 24.12, 22.56, '3C6266FA12F4', 'C46966FA12F4', '2023-08-04 18:24:55'),
	(7015, 24.12, 22.56, '3C6266FA12F4', 'C46966FA12F4', '2023-08-04 18:24:57'),
	(7016, 24.12, 22.56, '3C6266FA12F4', 'C46966FA12F4', '2023-08-04 18:24:59'),
	(7017, 24.12, 22.56, '3C6266FA12F4', 'C46966FA12F4', '2023-08-04 18:25:01'),
	(7018, 24.12, 22.56, '3C6266FA12F4', 'C46966FA12F4', '2023-08-04 18:25:03'),
	(7019, 24.12, 22.62, '3C6266FA12F4', 'C46966FA12F4', '2023-08-04 18:25:15'),
	(7020, 24.12, 22.62, '3C6266FA12F4', 'C46966FA12F4', '2023-08-04 18:25:17'),
	(7021, 24.12, 22.62, '3C6266FA12F4', 'C46966FA12F4', '2023-08-04 18:25:20'),
	(7022, 24.12, 22.62, '3C6266FA12F4', 'C46966FA12F4', '2023-08-04 18:25:22'),
	(7023, 24.12, 22.62, '3C6266FA12F4', 'C46966FA12F4', '2023-08-04 18:25:24'),
	(7024, 24.19, 22.81, '3C6266FA12F4', 'C46966FA12F4', '2023-08-04 18:25:36'),
	(7025, 24.19, 22.81, '3C6266FA12F4', 'C46966FA12F4', '2023-08-04 18:25:38'),
	(7026, 24.19, 22.81, '3C6266FA12F4', 'C46966FA12F4', '2023-08-04 18:25:40'),
	(7027, 24.19, 22.81, '3C6266FA12F4', 'C46966FA12F4', '2023-08-04 18:25:42'),
	(7028, 24.19, 22.81, '3C6266FA12F4', 'C46966FA12F4', '2023-08-04 18:25:44'),
	(7029, 24.25, 22.88, '3C6266FA12F4', 'C46966FA12F4', '2023-08-04 18:25:56'),
	(7030, 24.25, 22.88, '3C6266FA12F4', 'C46966FA12F4', '2023-08-04 18:25:58'),
	(7031, 24.25, 22.88, '3C6266FA12F4', 'C46966FA12F4', '2023-08-04 18:26:00'),
	(7032, 24.25, 22.88, '3C6266FA12F4', 'C46966FA12F4', '2023-08-04 18:26:03'),
	(7033, 24.25, 22.88, '3C6266FA12F4', 'C46966FA12F4', '2023-08-04 18:26:05'),
	(7034, 24.25, 22.88, '3C6266FA12F4', 'C46966FA12F4', '2023-08-04 18:26:07'),
	(7035, 24.31, 23, '3C6266FA12F4', 'C46966FA12F4', '2023-08-04 18:26:19'),
	(7036, 24.31, 23, '3C6266FA12F4', 'C46966FA12F4', '2023-08-04 18:26:21'),
	(7037, 24.31, 23, '3C6266FA12F4', 'C46966FA12F4', '2023-08-04 18:26:23'),
	(7038, 24.31, 23, '3C6266FA12F4', 'C46966FA12F4', '2023-08-04 18:26:25'),
	(7039, 24.31, 23, '3C6266FA12F4', 'C46966FA12F4', '2023-08-04 18:26:27'),
	(7040, 24.38, 23.12, '3C6266FA12F4', 'C46966FA12F4', '2023-08-04 18:26:39'),
	(7041, 24.38, 23.12, '3C6266FA12F4', 'C46966FA12F4', '2023-08-04 18:26:41'),
	(7042, 24.38, 23.12, '3C6266FA12F4', 'C46966FA12F4', '2023-08-04 18:26:43'),
	(7043, 24.38, 23.12, '3C6266FA12F4', 'C46966FA12F4', '2023-08-04 18:26:45'),
	(7044, 24.38, 23.12, '3C6266FA12F4', 'C46966FA12F4', '2023-08-04 18:26:47'),
	(7045, 24.38, 23.19, '3C6266FA12F4', 'C46966FA12F4', '2023-08-04 18:27:00'),
	(7046, 24.38, 23.19, '3C6266FA12F4', 'C46966FA12F4', '2023-08-04 18:27:02'),
	(7047, 24.38, 23.19, '3C6266FA12F4', 'C46966FA12F4', '2023-08-04 18:27:04'),
	(7048, 24.38, 23.19, '3C6266FA12F4', 'C46966FA12F4', '2023-08-04 18:27:06'),
	(7049, 24.38, 23.19, '3C6266FA12F4', 'C46966FA12F4', '2023-08-04 18:27:08'),
	(7050, 30.5, 25, 'CF545645646', 'KG546564564', '2023-06-24 14:00:00'),
	(7051, 30.5, 25, 'CF545645646', 'KG546564564', '2023-06-24 14:00:00'),
	(7052, 30.5, 25, 'CF545645646', 'KG546564564', '2023-08-08 14:00:00'),
	(7053, 30.5, 25, 'CF545645646', 'KG546564564', '2023-06-24 14:00:00'),
	(7054, 34.5, 0, '0', '0', NULL);

-- Volcando estructura para tabla methat.ubicacion
CREATE TABLE IF NOT EXISTS `ubicacion` (
  `id_ubicacion` int NOT NULL,
  `descripcion_ubicacion` varchar(250) DEFAULT NULL,
  PRIMARY KEY (`id_ubicacion`)
) ENGINE=InnoDB DEFAULT CHARSET=utf8mb3;

-- Volcando datos para la tabla methat.ubicacion: ~2 rows (aproximadamente)
INSERT INTO `ubicacion` (`id_ubicacion`, `descripcion_ubicacion`) VALUES
	(1, 'Anaquel 1'),
	(2, 'Anaquel 2');

-- Volcando estructura para tabla methat.usuario
CREATE TABLE IF NOT EXISTS `usuario` (
  `idusuario` int NOT NULL AUTO_INCREMENT,
  `nombre` varchar(100) CHARACTER SET latin1 COLLATE latin1_swedish_ci NOT NULL,
  `tipo_documento` varchar(20) CHARACTER SET latin1 COLLATE latin1_swedish_ci NOT NULL,
  `num_documento` varchar(20) CHARACTER SET latin1 COLLATE latin1_swedish_ci NOT NULL,
  `direccion` varchar(70) CHARACTER SET latin1 COLLATE latin1_swedish_ci DEFAULT NULL,
  `telefono` varchar(20) CHARACTER SET latin1 COLLATE latin1_swedish_ci DEFAULT NULL,
  `email` varchar(50) CHARACTER SET latin1 COLLATE latin1_swedish_ci DEFAULT NULL,
  `cargo` varchar(20) CHARACTER SET latin1 COLLATE latin1_swedish_ci DEFAULT NULL,
  `login` varchar(20) CHARACTER SET latin1 COLLATE latin1_swedish_ci NOT NULL,
  `clave` varchar(64) CHARACTER SET latin1 COLLATE latin1_swedish_ci NOT NULL,
  `imagen` varchar(50) CHARACTER SET latin1 COLLATE latin1_swedish_ci NOT NULL,
  `condicion` tinyint(1) NOT NULL DEFAULT '1',
  `id_rol` int DEFAULT NULL,
  PRIMARY KEY (`idusuario`),
  UNIQUE KEY `login_UNIQUE` (`login`)
) ENGINE=InnoDB AUTO_INCREMENT=1008 DEFAULT CHARSET=utf8mb3;

-- Volcando datos para la tabla methat.usuario: ~11 rows (aproximadamente)
INSERT INTO `usuario` (`idusuario`, `nombre`, `tipo_documento`, `num_documento`, `direccion`, `telefono`, `email`, `cargo`, `login`, `clave`, `imagen`, `condicion`, `id_rol`) VALUES
	(1, 'marcoarevalo', 'DNI', '47715777', 'Jose Gálvez 1368 - Chongoyape', '931742904', '', '', 'admin', '1048dc41145367d50077aa706523b2ec206a587e0688201a3bda720d47676554', '1487132068.jpg', 1, 2),
	(5, 'ffffff', 'DNI', '123456789', 'conocida', '1234567890', 'admin@ho1amund0.mx', 'jefe', 'fernando', '1048dc41145367d50077aa706523b2ec206a587e0688201a3bda720d47676554', '1487132068.jpg', 1, 2),
	(6, 'ma', 'DNI', '123456789', 'conocido', '1234567890', '', '', 'margarita', '38e4d8e5d936eb28906096b1443ee28b0720657807047788b468f4902d12899b', '', 1, 2),
	(1000, 'luis', 'DNI', '123456789', 'CONOCIDO', '123456788', '', '', 'luis', '8c6976e5b5410415bde908bd4dee15dfb167a9c873fc4bb8a81f6f2ab448a918', '1672254319.png', 1, 1),
	(1001, 'colaborador1', 'DNI', '11111111', 'conocido', '9621111111', '', 'colaborador', 'colaborador1', '6a776a9a55004871d1d9ac9171ae26ab8d50f8ad5207930bfe73a1c7a79a7ccc', '', 1, 2),
	(1002, 'colaborador2', 'DNI', '22222222', 'conocido', '2222222222', '', 'colaborador', 'colaborador2', 'c2433ce38936e0bc6617b504fab373cf8b3c8659cc0fcf080188c554662470d5', '', 1, 2),
	(1003, 'colaborador3', 'DNI', '33333333333', 'conocido', '33333333333333', '', 'colaborador', 'colaborador3', 'fef7b906855b8f11cb3e7bc932763fb13e4a355744f10daca7c5facdc793673d', '', 1, 2),
	(1004, 'Canina', 'DNI', '123456789', 'ssppcm', '123456789', 'canina@ssppcm.com', 'encargado', 'canina', '4654544dd670b36b8e939757f94e8805703f54ef9f3653288c20ff3964534935', '', 1, 2),
	(1005, 'Venancio', 'DNI', '1111111111', 'Conocido', '9623392921', '', 'Policía', 'venancio', '04802ef42c95bd8555e92e5f2e8bb743384fb8ac7a7957996f6f545ce351e8d1', '', 1, 2),
	(1006, 'Cándido canina', 'DNI', '1111111111', 'Conocido', '', '', 'Canina', 'candido', '6d6247c0aa1321cc4e376954506b1e1a14d84bf51b2aad77119808e15afc23bc', '', 1, 2),
	(1007, 'archivo1', 'DNI', 'dno', '', '', '', '', 'archivo1', '32276044de7fa3e26af0ef9cd220e6ec90af66b5f465c007cf195d5e44cfde5e', '', 1, 3);

-- Volcando estructura para tabla methat.usuario_permiso
CREATE TABLE IF NOT EXISTS `usuario_permiso` (
  `idusuario_permiso` int NOT NULL AUTO_INCREMENT,
  `idusuario` int NOT NULL,
  `idpermiso` int NOT NULL,
  PRIMARY KEY (`idusuario_permiso`),
  KEY `fk_usuario_permiso_permiso_idx` (`idpermiso`),
  KEY `fk_usuario_permiso_usuario_idx` (`idusuario`),
  CONSTRAINT `usuario_permiso_ibfk_1` FOREIGN KEY (`idpermiso`) REFERENCES `permiso` (`idpermiso`),
  CONSTRAINT `usuario_permiso_ibfk_2` FOREIGN KEY (`idusuario`) REFERENCES `usuario` (`idusuario`)
) ENGINE=InnoDB AUTO_INCREMENT=296 DEFAULT CHARSET=utf8mb3;

-- Volcando datos para la tabla methat.usuario_permiso: ~82 rows (aproximadamente)
INSERT INTO `usuario_permiso` (`idusuario_permiso`, `idusuario`, `idpermiso`) VALUES
	(153, 5, 1),
	(154, 5, 2),
	(155, 5, 3),
	(156, 5, 4),
	(157, 5, 5),
	(158, 5, 6),
	(159, 5, 7),
	(160, 5, 8),
	(161, 1, 1),
	(162, 1, 2),
	(163, 1, 3),
	(164, 1, 4),
	(165, 1, 5),
	(166, 1, 6),
	(167, 1, 7),
	(168, 1, 8),
	(180, 1, 9),
	(181, 1, 10),
	(182, 5, 9),
	(183, 5, 10),
	(184, 1001, 1),
	(185, 1001, 2),
	(186, 1001, 3),
	(187, 1001, 4),
	(188, 1001, 6),
	(189, 1001, 7),
	(190, 1001, 8),
	(191, 1001, 9),
	(192, 1001, 10),
	(193, 1002, 1),
	(194, 1002, 2),
	(195, 1002, 3),
	(196, 1002, 4),
	(197, 1002, 6),
	(198, 1002, 7),
	(199, 1002, 8),
	(200, 1002, 9),
	(201, 1002, 10),
	(202, 1003, 1),
	(203, 1003, 2),
	(204, 1003, 3),
	(205, 1003, 4),
	(206, 1003, 6),
	(207, 1003, 7),
	(208, 1003, 8),
	(209, 1003, 9),
	(210, 1003, 10),
	(212, 1004, 10),
	(213, 1005, 10),
	(214, 1006, 10),
	(244, 1, 11),
	(245, 1, 12),
	(246, 5, 11),
	(247, 5, 12),
	(268, 1007, 1),
	(269, 1007, 11),
	(270, 1007, 12),
	(271, 1007, 13),
	(272, 1000, 1),
	(273, 1000, 2),
	(274, 1000, 3),
	(275, 1000, 4),
	(276, 1000, 5),
	(277, 1000, 6),
	(278, 1000, 7),
	(279, 1000, 8),
	(280, 1000, 9),
	(281, 1000, 10),
	(282, 1000, 11),
	(283, 1000, 12),
	(284, 1000, 13),
	(285, 1000, 14),
	(286, 1000, 15),
	(287, 1000, 16),
	(288, 1000, 17),
	(289, 6, 8),
	(290, 6, 11),
	(291, 6, 12),
	(292, 6, 13),
	(293, 6, 14),
	(294, 6, 15),
	(295, 6, 16);

/*!40103 SET TIME_ZONE=IFNULL(@OLD_TIME_ZONE, 'system') */;
/*!40101 SET SQL_MODE=IFNULL(@OLD_SQL_MODE, '') */;
/*!40014 SET FOREIGN_KEY_CHECKS=IFNULL(@OLD_FOREIGN_KEY_CHECKS, 1) */;
/*!40101 SET CHARACTER_SET_CLIENT=@OLD_CHARACTER_SET_CLIENT */;
/*!40111 SET SQL_NOTES=IFNULL(@OLD_SQL_NOTES, 1) */;
